일시,구 분,경기(행사) 종류,경기(행사) 내용,주 최,관람인원,수입금(원),사용일수(일),지점,지점명,평균기온(°C),최저기온(°C),최저기온 시각(hhmi),최고기온(°C),최고기온 시각(hhmi),강수 계속시간(hr),10분 최다 강수량(mm),10분 최다강수량 시각(hhmi),1시간 최다강수량(mm),1시간 최다 강수량 시각(hhmi),일강수량(mm),최대 순간 풍속(m/s),최대 순간 풍속 풍향(16방위),최대 순간풍속 시각(hhmi),최대 풍속(m/s),최대 풍속 풍향(16방위),최대 풍속 시각(hhmi),평균 풍속(m/s),풍정합(100m),최다풍향(16방위),평균 이슬점온도(°C),최소 상대습도(%),최소 상대습도 시각(hhmi),평균 상대습도(%),평균 증기압(hPa),평균 현지기압(hPa),최고 해면기압(hPa),최고 해면기압 시각(hhmi),최저 해면기압(hPa),최저 해면기압 시각(hhmi),평균 해면기압(hPa),가조시간(hr),합계 일조시간(hr),1시간 최다일사 시각(hhmi),1시간 최다일사량(MJ/m2),합계 일사량(MJ/m2),일 최심신적설(cm),일 최심신적설 시각(hhmi),일 최심적설(cm),일 최심적설 시각(hhmi),합계 3시간 신적설(cm),평균 전운량(1/10),평균 중하층운량(1/10),평균 지면온도(°C),최저 초상온도(°C),평균 5cm 지중온도(°C),평균 10cm 지중온도(°C),평균 20cm 지중온도(°C),평균 30cm 지중온도(°C),0.5m 지중온도(°C),1.0m 지중온도(°C),1.5m 지중온도(°C),3.0m 지중온도(°C),5.0m 지중온도(°C),합계 대형증발량(mm),합계 소형증발량(mm),9-9강수(mm),기사,안개 계속시간(hr)
2011-05-15,,FC서울홈경기,K리그(vs경남),GS스포츠,26008,38325470,1,108,서울,17.2,13,2356,22.9,1421,,,,,,,12.9,230,1127,8.8,230,1603,4.3,3716,230,5.7,21,920,50,9.4,1001.8,1013.6,2355,1008.5,1650,1011.8,14.2,8.5,1300,2.98,22.29,,,,,,3.6,0.3,22.1,6.1,19.6,19.2,18.5,18.1,16.1,14.5,13.3,11.8,13.2,4.5,6.4,,{햇무리}1020-1110. {연무}1720-{연무}{강도0}1800-{연무}{강도0}2100-2215. {박무}2210-{박무}{강도0}2400-,
2011-05-21,,FC서울홈경기,K리그(vs대구),GS스포츠,14817,28484710,1,108,서울,14.5,12.6,1817,17.7,1131,7.75,0.5,1546,1.3,1514,2,9,290,1452,5.1,320,1455,1.8,1514,20,12,63,1100,85.1,14.1,1001.8,1014.1,2322,1010.6,540,1011.9,14.3,0,1000,0.65,3.64,,,,,,9.9,7.6,15.8,11.4,16.6,16.9,17,17.5,17.1,15.4,14,12.1,13.1,0.4,0.7,1.9,-{비}-0020. {비}0050-0140. {비}0340-0430. {비}0855-{비}{강도0}0900-0915. {비}1315-{비}{강도0}1500-{비}{강도0}1800-1830. {비}1945-1955. -{박무}-{박무}{강도1}0300-{박무}{강도1}0600-{박무}{강도0}0900-1020. {박무}1230-{박무}{강도0}1500-1620.,
2011-06-11,,FC서울홈경기,K리그(vs포항),GS스포츠,44358,43836790,1,108,서울,24,20.6,542,29.2,1334,0.08,0,,0,,0,9.3,270,1519,6.2,270,1521,2.6,2274,270,11.3,33,1148,45.8,13.4,994,1005.5,2228,1001.8,356,1003.7,14.7,13.1,1200,3.21,26.24,,,,,,2.5,1,30.1,15.2,26,25.1,23.7,22.8,20.9,18.8,17,13.4,13.4,5.2,6.8,,-{박무}-0010. -{비}-0005.,
2011-06-25,,FC서울홈경기,K리그(vs인천),GS스포츠,15414,28239910,1,108,서울,18.3,17.5,929,20,1214,15,4.5,1355,9,1335,37,12.7,90,2340,6.8,70,2343,4.8,4179,70,15.6,74,111,84.9,17.7,1000.2,1011.4,1012,1008.2,30,1010.2,14.8,0,1000,0.8,5.38,,,,,,10,6.5,18.6,16.4,19.6,20.1,20.4,21.2,22.5,21.1,19.1,14.3,13.5,0.1,0.2,52.5,{비}0155-0225. {비}0345-0430. {비}0605-0615. {비}0805-{비}{강도0}0900-1025. {비}1245-{비}{강도1}1500-{비}{강도0}1800-{비}{강도0}2100-{비}{강도0}2400- {박무}1340-{박무}{강도0}1500-1515.,
2011-07-09,,FC서울홈경기,K리그(vs상주),GS스포츠,28034,37067540,1,108,서울,23.6,20.8,517,27.8,1732,9,2,217,6,2331,15,6,70,1057,3.5,70,1137,1.8,1522,70,20.5,63,1729,83.5,24.2,998.1,1010.3,2400,1005.8,116,1007.9,14.6,1.3,1500,1.69,10.47,,,,,,8,5.8,24.9,21.2,24.7,24.6,24.3,24.2,24.3,23,21.8,17.6,15.1,1.7,2.4,0.5,-{뇌전}-0010. -{비}-{비}{강도1}0300-0520. {비}0650-{비}{강도0}0900-1030. -{박무}-{박무}{강도1}0300-{박무}{강도0}0600-{박무}{강도0}0900-1140. {박무}2250-{박무}{강도0}2400-,
2011-07-23,,FC서울홈경기,K리그(vs광주),GS스포츠,21112,33355860,1,108,서울,25.4,22.9,202,29.7,1445,1,2.5,26,3,25,3,7.4,290,1744,4.7,270,1847,2.4,2101,270,20.8,56,1445,76.3,24.5,997.5,1008.4,1030,1005.7,1700,1007.1,14.4,2.1,1400,2.28,13.83,,,,,,8.5,7.9,27.9,23,27.7,27.5,27.2,27.1,26.3,24.4,22.9,18.8,15.9,1.7,2.7,0.5,-{박무}-{박무}{강도1}0300-{박무}{강도1}0600-{박무}{강도0}0900-{박무}{강도0}1200-1210. {소나기}0025-{비}0050-0105. {안개비}0250-{안개비}{강도0}0300-0310. {연무}1205-{연무}{강도0}1500-{연무}{강도0}1800-{연무}{강도0}2100-2115. {박무}2110-{박무}{강도0}2400-,
2011-08-13,,FC서울홈경기,K리그(vs전남),GS스포츠,19578,32073920,1,108,서울,25.3,23.9,219,26.6,858,8.58,2.5,1850,4,1810,6.5,8.8,200,1516,5.5,200,1520,2.3,1956,70,22.3,72,900,83.9,26.9,994.7,1005.7,2141,1003.4,1742,1004.4,13.7,0,800,0.73,4.48,,,,,,9.5,7,25.8,23,25.8,25.9,25.8,26.2,26.7,25.5,24.6,21,17.5,1.6,2.1,15,{비}0045-0135. {비}0925-{비}{강도0}1200-1325. {비}1420-{비}{강도0}1500-1520. {비}1810-2020. {비}2125-2140. {비}2325-2345. {박무}1940-{박무}{강도0}2100-2350.,
2011-08-27,,FC서울홈경기,K리그(vs강원),GS스포츠,23945,35274070,1,108,서울,27.6,23.5,513,31.2,1609,,,,,,,6.7,70,123,4.2,70,124,2.3,2024,70,18.8,45,1250,59.5,21.7,1004.6,1015.9,0,1012.6,1706,1014.3,13.2,5.5,1100,2.66,18.46,,,,,,6.3,5.9,31.5,20.7,29.7,29.3,28.4,28,26.3,25.1,24.4,20.9,17.8,4.1,5.4,,,
2011-09-18,,FC서울홈경기,K리그(vs부산),GS스포츠,33663,44106080,1,108,서울,21,17.5,2400,26.4,1429,2.17,0.5,308,0.5,220,0.5,12.8,50,2018,7.2,70,2025,3.9,3361,70,13.3,43,1540,63,15.6,1002.6,1016.1,2239,1008.9,127,1012.5,12.4,3.9,1100,2.51,14.79,,,,,,8,6.9,24.9,16.6,25.8,26.1,26,26.3,25.4,24.7,24.1,21,18.2,3,5,0,{비}0220-{비}{강도0}0300-0430.,
2011-09-24,,FC서울홈경기,K리그(vs대전),GS스포츠,30286,39204660,1,108,서울,19.6,14.4,608,25.9,1544,,,,,,,8.8,230,1618,6.3,230,1626,2.4,2085,70,9.8,27,1553,55.9,12.2,1008.8,1020.5,2221,1017,237,1018.8,12.1,10.7,1100,2.58,18.68,,,,,,0.5,0.5,24,8.8,22.4,22.7,22.7,23,22.9,24,24,21.3,18.5,3.4,5.1,,{연무}2120-2330. {박무}2325-{박무}{강도0}2400-,
2011-10-23,,FC서울홈경기,K리그(vs성남),GS스포츠,42921,44787080,1,108,서울,16.5,11.8,545,22.1,1410,3.08,0,,0,,0,7.9,290,2153,5.2,290,2154,2.3,1951,50,9.8,39,1407,66.3,12.1,1007.6,1019,905,1015.7,1417,1017.7,11,5.6,1200,1.91,10.36,,,,,,6.5,3.8,17.4,6.8,16.8,16.8,16.6,17,17.3,19.1,20.4,20.9,19,1.9,2.6,0.5,{비}2055-{비}{강도0}2100-{비}{강도0}2400-,
2011-11-19,,FC서울홈경기,K리그(vs울산),GS스포츠,30799,42324130,1,108,서울,10.6,3.5,2358,15.5,1,1.58,,,,,0.2,13.1,270,1914,7.3,270,1919,4.3,3704,290,5.4,47,1922,71.4,9.7,999.7,1017.6,2355,1005.3,620,1010.1,10.1,3.5,1300,1.04,4.5,,,,,,5.8,4.5,11.7,2.1,13,13.4,13.5,13.9,14.1,16.1,17.6,19.5,18.8,,2.2,,-{비}-0025. {비}0540-{비}{강도0}0600-0620. {안개비}0110-0140. -{박무}-{시정(미만)}{1km}{안개}0010-{시정(이상)}{1km}{박무}0120-{박무}{강도0}0300-{박무}{강도0}0600-0840.,1.17
2012-03-10,,FC서울홈경기,K리그(vs전남),GS스포츠,18121,40170960,1,108,서울,3.9,1.3,2400,8.9,1328,,,,,,,10.8,270,2216,6.9,270,2235,3.5,3023,270,-5,32,1304,52.5,4.3,1009.2,1021.3,919,1018.2,1424,1019.9,11.7,7,1100,2.14,13.7,,,,,,7,6.5,5.3,-3.2,5.1,4.8,4.6,4.6,4.4,5.1,6.2,11.2,14.8,,3.4,0,,
2012-03-18,,FC서울홈경기,K리그(vs대전),GS스포츠,20415,36995250,1,108,서울,6.9,2.2,2347,11.5,1328,,,,,,,12.5,320,1813,7.1,290,1721,3.3,2839,270,0.1,42,1717,62.8,6.3,1003.9,1020.3,2339,1010.9,341,1014.3,12.1,8.2,1200,2.3,13.32,,,,,,3.4,2.3,8.9,-1,8.8,8.7,8.4,8.4,7.2,6.1,6.9,11.1,14.6,,3,,-{연무}-{연무}{강도0}0300-0555. {박무}0550-{박무}{강도1}0600-{박무}{강도0}0900-0935. {연무}0930-{연무}{강도0}1200-1220. {연무}1420-{연무}{강도0}1500-1540.,
2012-03-25,,FC서울홈경기,K리그(vs전북),GS스포츠,25594,49141170,1,108,서울,3.6,0.9,535,7.7,1413,,,,,,,15.2,320,1259,8.4,290,1211,4.8,4155,270,-11,17,1329,36.6,2.8,1007.3,1020.9,2318,1014.5,1030,1018,12.4,10.9,1100,2.68,18.4,,,,,,1.6,1.6,4.5,-2.7,4.8,5,5.2,5.7,6.3,7.1,7.7,11,14.3,,3.9,,,
2012-04-08,,FC서울홈경기,K리그(vs상주),GS스포츠,9943,32888260,1,108,서울,11.3,4.6,328,17.6,1459,,,,,,,16.8,200,1312,10.8,230,1300,4.7,4099,230,-0.2,29,1315,47.3,6.4,1008,1021.3,15,1015.4,1523,1018.4,12.9,9.6,1200,2.52,17.94,,,,,,2.9,1.4,13.1,-1.9,11,10,9.2,9.5,8.3,8.3,8.7,10.9,13.9,3,5.1,,{박무}0150-{박무}{강도0}0300-{박무}{강도0}0600-{박무}{강도0}0900-0925. {연무}0920-{연무}{강도0}1200-1250.,
2012-04-21,,FC서울홈경기,K리그(vs제주),GS스포츠,8061,29074670,1,108,서울,11.4,9.5,1904,16.3,1,16.17,2,1529,9,1619,47.5,16.4,70,1519,10.5,70,1954,7.1,6119,70,5.8,31,228,72.6,9.5,999.1,1019.1,2,1002.3,2353,1009.4,13.4,0,1400,0.56,2.56,,,,,,9.9,6.9,11.8,9.6,13.4,14.3,14.6,14.9,14.2,11.4,10.5,11,13.5,0.1,0.2,51.6,{비}0750-{비}{강도0}0900-{비}{강도1}1200-{비}{강도0}1500-{비}{강도1}1800-{비}{강도0}2100-{비}{강도0}2400- {박무}1520-{박무}{강도0}1800-{박무}{강도0}2100-2340.,
2012-05-05,,FC서울홈경기,K리그(vs포항),GS스포츠,45780,56028330,1,108,서울,18.8,13.5,537,24.9,1248,,,,,,,15,250,1515,8.6,250,1600,3.9,3342,250,4,15,1758,42.4,8.4,995,1007.3,736,1002.1,1810,1004.9,13.9,12.2,1300,2.92,23.62,,,,,,1.6,0.1,24.5,9.4,22.8,22.1,21.3,21.6,18.3,15,13.2,11.7,13.4,5.7,8.1,,{연무}0105-{연무}{강도0}0300-{연무}{강도0}0600-{연무}{강도0}0900-{연무}{강도0}1200-1220.,
2012-05-28,,FC서울홈경기,K리그(vs인천),GS스포츠,30943,61736840,1,108,서울,20.9,16.4,511,26,1414,0.25,0.1,,0.1,,0.1,8.1,250,1548,5.9,230,1536,2.8,2414,50,11.9,41,2312,58,14,1005.9,1017.1,2326,1014.3,32,1015.9,14.5,3.3,1000,1.95,13.7,,,,,,7.3,6,24.7,12.8,23.4,22.7,22,22.3,20.8,18.7,16.9,13.3,13.4,3.2,5.8,0.1,{천둥}{강도0}(SW)0014-{뇌전}{강도0}(SW 10~12)0017-0025. {뇌전}{강도0}(S 8~10)0035-{뇌전}{강도0}(S{이동}SW 10~12)0040-0120. {박무}0150-{박무}{강도0}0300-{박무}{강도0}0600-0710. {연무}1240-{연무}{강도0}1500-{연무}{강도0}1800-{연무}{강도0}2100-2230. {소나기}1615-1630.,
2012-06-14,,FC서울홈경기,K리그(vs성남),GS스포츠,9122,31951920,1,108,서울,24.8,19.3,551,31.7,1602,,,,,,,8.1,70,1050,5,70,653,3.1,2676,70,12.9,27,1631,49.1,14.9,1001.5,1013.3,845,1009.3,1606,1011.2,14.8,9,1200,2.84,21.66,,,,,,5.5,1.4,31.4,18.3,28.8,27.3,26.3,26.5,23.7,21.2,19.3,14.6,13.8,5.8,8.2,,,
2012-06-24,,FC서울홈경기,K리그(vs울산),GS스포츠,25511,39321100,1,108,서울,27.8,23.6,342,32.8,1526,,,,,,,8.4,90,2305,4.7,70,2306,2.3,2015,70,15.4,32,1516,48.3,17.5,995.6,1007.5,2341,1003.3,1706,1005.2,14.8,5.4,1300,2.05,15.48,,,,,,5.3,0.4,32,19.9,30.6,29.4,28.6,28.8,26.3,22.9,20.7,15.4,14.1,6.6,11,,,
2012-07-01,,FC서울홈경기,K리그(vs광주),GS스포츠,8219,30559080,1,108,서울,21.6,19.2,632,25.4,1718,1.33,0,,0,,0,6.3,290,2126,4.4,270,1934,3,2564,230,17.9,62,1720,80.1,20.5,995.3,1006.5,1005,1003.8,1,1005.1,14.7,2,1600,0.99,6.68,,,,,,8.5,8.5,22.3,20.2,23.1,23.6,23.6,23.9,25.1,23.9,21.6,15.1,14.2,2.9,5.4,0,-{박무}-{박무}{강도1}0300-{박무}{강도1}0600-{박무}{강도1}0900-{박무}{강도0}1200-{박무}{강도0}1500-1710. {연무}1705-{연무}{강도0}1800-{연무}{강도0}2100-2220. {안개비}0850-{안개비}{강도0}0900-1010.,
2012-07-21,,FC서울홈경기,K리그(vs부산),GS스포츠,24450,38670100,1,108,서울,27.5,24.1,610,31.4,1530,,,,,,,6.3,250,1316,3.5,270,1547,1.6,1341,270,20.6,48,1247,67.4,24.3,999.9,1010.9,656,1008.1,1745,1009.6,14.4,6.8,1200,2.51,15.92,,,,,,6,5.5,27.9,23.1,27.9,27.6,27,27.2,25.9,24.2,23.5,20.3,16.2,4,6,14,-{박무}-{박무}{강도0}0300-{박무}{강도0}0600-{박무}{강도0}0900-0930. {연무}0925-1120. {연무}2110-{연무}{강도0}2400-,
2012-08-04,,FC서울홈경기,K리그(vs강원),GS스포츠,13432,33521100,1,108,서울,31.7,28.2,640,36.2,1639,,,,,,,7.5,320,2022,4.8,320,1959,2.2,1859,110,19.7,31,1625,50.1,23,1000.5,1011.6,936,1008.2,1705,1010,14,11.3,1200,2.84,21.67,,,,,,3,3,34.8,25.7,33.8,32.7,31.7,32,29.1,26.2,24.4,19.4,16.4,6.1,8.3,,,
2012-08-08,,FC서울홈경기,K리그(vs경남),GS스포츠,7717,29750420,1,108,서울,29.6,25.6,536,34.3,1425,,,,,,,7.4,270,1552,4.7,270,1553,2.9,2538,70,18.2,35,1407,51.6,21.1,997.4,1008.6,653,1004.8,1752,1007,13.9,9.7,1100,2.7,18.15,,,,,,4,3.4,33.6,23.5,33,32.3,31.5,31.8,29.5,26.9,24.9,19.6,16.5,8.6,13,,,
2012-08-18,,FC서울홈경기,K리그(vs수원),GS스포츠,50487,68866820,1,108,서울,27.2,25.8,645,28.6,1346,8.25,0.3,622,0.5,532,2,8.3,230,1441,5,230,1450,2.5,2169,200,23.5,74,1157,80.3,28.9,1000.2,1011.6,1,1008.6,1918,1009.9,13.5,0,1100,0.47,3.65,,,,,,9.5,7,26.9,24.7,27.2,27.3,27,27.3,27.4,26.6,26.1,21.7,17.2,1.9,2.9,1.5,{비}0520-{비}{강도0}0600-0730. {비}0935-0945. {비}1220-1250. {비}1305-1430. {비}1625-1635. {비}1655-{비}{강도0}1800-1910. {비}2120-2230. {비}2325-2350.,
2012-08-26,,FC서울홈경기,K리그(vs대구),GS스포츠,13474,32480500,1,108,서울,27.5,24.1,557,32.4,1703,0.17,0,,0,,0,7.1,50,2202,4.4,70,2210,1.9,1652,70,21.7,50,1650,72.3,26,1002.4,1014.3,1,1009.6,1632,1012,13.2,5.4,1300,2.46,12.89,,,,,,6.1,3.1,27.8,23.2,27.4,26.8,26.3,26.4,25.8,25.8,25.8,22.5,18.4,2.3,3.6,0,{소나기}2145-2155.,
2012-09-22,,FC서울홈경기,K리그(vs포항),GS스포츠,17285,33791760,1,108,서울,20.7,15.2,612,26.4,1541,,,,,,,7.3,360,2153,4.8,320,2109,1.9,1618,20,12,33,1541,60.6,14.1,1003.4,1015.7,6,1011.1,1725,1013.3,12.2,9.6,1100,2.39,15.78,,,,,,4.5,1.3,21.5,11.1,20.7,20.9,20.8,21,21.4,22.7,23.2,22.3,19,2.4,4.7,,,
2012-10-07,,FC서울홈경기,K리그(vs경남),GS스포츠,17568,35240890,1,108,서울,19.2,15.1,557,24.4,1403,,,,,,,6.6,50,916,4.3,70,916,2.1,1846,50,9.2,27,1619,54.9,11.7,1012.2,1023.5,908,1020.5,1551,1022.2,11.6,9.8,1200,2.24,13.93,,,,,,0.9,0.9,20,10.5,19.4,19.9,20.2,20.4,20.6,21.6,22.1,21.5,19.1,2.6,4.8,,,
2012-11-04,,FC서울홈경기,K리그(vs수원),GS스포츠,40193,54082960,1,108,서울,11.8,9.1,344,15.3,1451,9.92,,,,,4,10.8,70,1415,5.8,90,941,3.4,2916,70,2.8,36,2,56.5,7.7,1007.2,1023,148,1014,1715,1017.6,10.5,1.3,1000,0.83,4.21,,,,,,8.9,4.1,10.6,5.5,10.1,10.1,10.5,11.3,12.5,16.3,18.3,20.2,19,,0.8,4.5,{비}1245-1440. {비}1555-{비}{강도0}1800-{비}{강도0}2100-2355.,
2012-11-15,,FC서울홈경기,K리그(vs울산),GS스포츠,7145,29521970,1,108,서울,4.2,-0.3,724,9.8,1555,,,,,,,5.7,270,1914,3.6,250,1917,1.4,1213,290,-5.3,27,1520,51.5,4.1,1016.3,1028.9,2255,1022.5,1,1027,10.2,9.5,1200,1.73,10.51,,,,,,0,0,3.7,-5.2,3.8,5.3,6.4,7.8,9.4,13.9,16.1,19.4,19,,2.5,,,
2012-11-21,,FC서울홈경기,K리그(vs제주),GS스포츠,8507,30996310,1,108,서울,4.1,-0.4,638,8.4,1444,,,,,,,4.7,50,640,3.3,50,655,1.6,1381,50,-2.7,41,1402,62.5,5.1,1010.9,1024.3,1,1019.3,1656,1021.6,10,5.1,1100,1.16,6.19,,,,,,5,1.6,2.7,-4.5,3.1,3.8,4.8,6,7.5,12.2,14.9,18.9,18.8,,2.6,,{연무}1640-{연무}{강도0}1800-{연무}{강도0}2100-{연무}{강도0}2400-,
2012-11-25,,FC서울홈경기,K리그(vs전북),GS스포츠,25077,55716290,1,108,서울,3.4,-0.7,545,7.5,1332,3.5,,,,,0.5,5,50,859,3.4,50,535,1.6,1344,50,-4.9,34,1334,55.6,4.4,1009.9,1025.2,319,1016.3,2351,1020.6,9.9,4.3,1100,1.31,6.31,,,,,,7.6,3.3,2.4,-6.5,3.1,3.6,4.5,5.7,7.1,11.4,14,18.5,18.7,,2.5,1.5,{비}2030-{비}{강도0}2100-{비}{강도0}2400-,
2012-12-02,,FC서울홈경기,K리그(vs부산),GS스포츠,19968,35956970,1,108,서울,2.9,1,17,7.1,1153,,,,,,,7.3,270,1204,4.7,270,1333,2.3,1995,50,-6.4,43,1149,50.4,3.8,1012.5,1026.6,1,1021.8,1305,1023.2,9.8,7.8,1100,1.46,7.59,,,,,,5.1,0.8,1.6,-4.1,2,2.6,3.2,4.1,5.4,9.9,12.9,17.8,18.5,,1.9,,,
2013-03-02,,FC서울홈경기,K리그 클래식(vs포항),GS스포츠,18536,57232390,1,108,서울,-0.8,-4.4,628,3.1,1512,,,,,,,8.5,230,1321,5.5,270,1443,3.2,2753,270,-12.2,29,1246,42.6,2.4,1015.8,1028.9,1044,1024.1,1,1026.7,11.4,9.7,1100,2.26,14.67,,,,,,3.5,0,2.1,-6.7,0.6,0.7,0.7,1.2,1,3.1,4.5,10.5,14.5,,2.6,,,
2013-03-09,,FC서울홈경기,K리그 클래식(vs인천),GS스포츠,15931,34743730,1,108,서울,13.2,6.2,436,23.8,1528,,,,,,,14.1,290,2057,8.8,230,2021,4.3,3711,70,1.5,16,1312,48.8,6.9,996.5,1011.6,1,1000.5,1829,1006.7,11.7,9.4,1100,2.04,13.95,,,,,,1.5,1.5,12.4,1.9,9.8,8,7,6.2,4.9,4,4.8,10.3,14.2,,8.1,,-{연무}-{연무}{강도0}0300-{연무}{강도0}0600-{연무}{강도0}0900-{연무}{강도0}1200-1255. {연무}1425-{연무}{강도0}1500-1750. {연무}2010-{연무}{강도0}2100-2145. {황사}2140-{황사}{강도0}2400-,
2013-03-30,,FC서울홈경기,K리그 클래식(vs경남),GS스포츠,15146,35133950,1,108,서울,4.9,2.3,657,10.2,1330,4.25,,,,,0.2,9.6,200,1535,5.2,290,1537,2.3,2013,290,-8.2,15,1441,43.1,3.6,1011.9,1023.7,8,1021.2,1259,1022.6,12.5,3.4,1200,1.57,9.76,,,,,,7.8,3.8,7.3,-0.5,7,7.2,7.4,7.6,7.5,7.4,7.5,10,13.3,,2.1,0.2,{비}1730-{비}{강도0}1800-{비}{강도0}2100-2145. {박무}2110-{박무}{강도0}2400-,
2013-04-06,,FC서울홈경기,K리그 클래식(vs울산),GS스포츠,9277,29385090,1,108,서울,7.5,2.5,2355,13,1,20.83,0.5,444,1.5,609,14,10.6,320,1908,6.7,290,1734,2.9,2527,290,4.8,51,1,84.4,8.7,990.7,1009,6,997.3,1634,1001,12.8,0,1100,0.45,2.48,,,,,,10,7.4,8.9,2.2,9.4,10,10.4,10.4,10.1,8.3,8.2,10,12.9,0.4,0.6,11,-{연무}-{연무}{강도0}0300-0455. {박무}0450-{박무}{강도1}0600-{박무}{강도1}0900-{박무}{강도1}1200-{박무}{강도0}1500-{박무}{강도0}1800-1920. {비}0240-0245. {비}0315-{비}{강도0}0600-{비}{강도0}0900-{비}{강도0}1200-{비}{강도0}1500-{비}{강도0}1800-{비}{강도0}2100-{비}{강도0}2400-,
2013-04-20,,FC서울홈경기,K리그 클래식(vs대구),GS스포츠,10089,28174130,1,108,서울,6.6,4,839,10.1,1,12.58,0.5,551,2.5,636,9.5,7.9,230,435,4.9,230,439,2.3,1988,270,1.1,33,139,70.8,6.7,1006.5,1018.6,812,1012.3,755,1017,13.4,0.1,1300,0.84,3.73,,,,,,9.1,6.9,7.7,2.1,8.9,9.9,10.8,11.4,11.4,9.8,9.4,10.3,12.8,0.1,0.2,3.5,{비}0435-{비}{강도0}0600-{비}{강도0}0900-{비}{강도0}1200-{비}{강도0}1500-1710. {박무}0645-{박무}{강도0}0900-0920. {박무}1550-{박무}{강도0}1800-{박무}{강도0}2100-{박무}{강도0}2400-,
2013-04-28,,FC서울홈경기,K리그 클래식(vs강원),GS스포츠,16897,34547890,1,108,서울,16,10.3,213,21.6,1438,,,,,,,12.3,230,1457,7.9,230,1457,3.8,3255,70,5.6,31,1224,51,9.4,1006.5,1019.3,19,1009,1250,1016.6,13.6,3.3,1200,1.46,10.61,,,,,,6.1,4,15.4,7.8,14.7,13.7,13.3,13,12.7,11.1,10.5,10.6,12.8,2.5,4.3,21,,
2013-06-01,,FC서울홈경기,K리그 클래식(vs전남),GS스포츠,22647,38192750,1,108,서울,21.7,17.4,550,27.9,1412,,,,,,,7.8,250,1624,5.1,270,1627,2.2,1870,270,8.4,24,1426,44.3,11.1,997.2,1008.1,802,1005.6,1716,1007,14.6,9.3,1200,3,20.67,,,,,,4.6,1.9,23.3,14.3,23.5,22.7,21.8,20.9,19.9,17.7,16.5,12.8,12.8,4.3,7,,,
2013-06-23,,FC서울홈경기,K리그 클래식(vs부산),GS스포츠,17623,35948120,1,108,서울,22.9,20.6,2357,26.2,1616,3.67,0.1,,0.2,,0.3,9.3,250,1357,6.2,250,1402,3.2,2736,230,16.7,44,1418,69.6,19.1,996.6,1007.5,943,1004.8,1649,1006.4,14.8,7,1100,2.36,15.9,,,,,,7.6,5.1,26.6,17.9,26.6,26.1,25.9,25.1,24.4,21.5,19.6,14.5,13.3,3.3,5.1,,{박무}0210-{박무}{강도0}0300-{박무}{강도0}0600-{박무}{강도0}0900-0945. {연무}0940-1050. {비}0340-{비}{강도0}0600-0720. {박무}2050-{박무}{강도0}2100-{박무}{강도0}2400-,
2013-07-07,,FC서울홈경기,K리그 클래식(vs성남),GS스포츠,12967,32070850,1,108,서울,24.9,22.4,428,29.5,1119,5.17,1,1305,1.5,1245,3,8,180,1620,5.3,200,1620,1.8,1526,200,20.8,55,1138,78.8,24.6,997.8,1008.5,751,1006.5,1619,1007.5,14.6,2.8,1000,2.31,8.91,,,,,,8.1,5.8,25.6,19.1,25.6,25.7,26.1,25.9,26,23.3,21.4,15.7,13.8,1.1,1.9,18.5,-{박무}-{박무}{강도0}0300-{박무}{강도0}0600-{박무}{강도0}0900-0910. {연무}0905-1010. {박무}1305-{박무}{강도0}1500-1505. {비}1245-{비}{강도0}1500-1620. {비}1825-1910. {비}2310-{비}{강도0}2400-,
2013-07-31,,FC서울홈경기,K리그 클래식(vs제주),GS스포츠,13811,32428900,1,108,서울,26.4,24.7,1,29,1326,1,7,204,8.5,140,8.5,16.3,230,220,8.9,230,234,3.3,2861,230,21.5,57,1435,75.4,25.6,991.7,1004.2,2327,998.1,214,1001.3,14.1,5.9,1100,1.82,13.31,,,,,,8.3,7.4,27.9,23.5,28.1,27.3,27,26.7,26.8,24.9,23.7,19.4,16,2.9,3.7,,-{박무}-0240. {박무}0420-{박무}{강도1}0600-{박무}{강도0}0900-1010. {연무}1005-{연무}{강도0}1200-1340. {비}0140-0240. {천둥}{강도0}(SW)0155-{뇌전}{강도1}(SW 1~2)0212-0220.,
2013-08-03,,FC서울홈경기,K리그 클래식(vs수원),GS스포츠,43485,55968680,1,108,서울,28.9,26.7,541,32.6,1602,0.33,0.1,,0.1,,0.1,11.1,250,1459,7.4,230,1503,3.7,3226,230,23.2,50,1603,72.3,28.5,999,1011.2,1,1006.6,1745,1008.6,14,8.9,1500,2.22,16.52,,,,,,8.1,7.5,29.4,25.4,29.3,28.3,27.8,27.1,27.1,25.1,23.9,19.4,16,3,4.9,3.5,-{박무}-{박무}{강도0}0300-{박무}{강도0}0600-0735. {비}0715-0720. {소나기}1305-1315. {소나기}1350-1355.,
2013-08-15,,FC서울홈경기,K리그 클래식(vs대전),GS스포츠,14229,34357580,1,108,서울,28.7,25.8,410,32.4,1416,0.08,0,,0,,0,9.6,250,1203,6.4,230,1203,3.1,2644,230,22.9,52,1555,71.5,27.9,999.4,1010.7,52,1007.7,1836,1009,13.6,7.9,1300,2.41,14.9,,,,,,6.6,5.3,31.4,22.9,30.3,29.5,29.1,28.5,28.5,26.3,24.7,19.9,16.4,3.2,4.2,4.5,{소나기}1158-{소나기}{강도0}1200-1203.,
2013-08-28,,FC서울홈경기,K리그 클래식(vs전북),GS스포츠,17313,36696200,1,108,서울,26.4,22.7,621,30.8,1608,,,,,,,9.1,250,1628,5.7,230,1650,2.7,2337,200,17.3,32,1629,59.4,19.9,996.9,1008.7,909,1003.8,2344,1006.6,13.2,9.7,1200,2.67,17.96,,,,,,5.4,4,30.1,19.5,29,28.5,28.2,27.8,27.6,26.5,25.2,20.2,16.9,4,5.6,4.5,-{연무}-{연무}{강도0}0300-{연무}{강도0}0600-{연무}{강도0}0900-{연무}{강도0}1200-1220. {연무}2020-{연무}{강도0}2100-{연무}{강도0}2400-,
2013-09-11,,FC서울홈경기,K리그 클래식(vs포항),GS스포츠,7582,28806490,1,108,서울,20.1,19.1,619,20.9,2029,13.87,2.5,546,9,509,36.5,6.6,70,743,4,70,913,2.3,1956,70,18.4,85,31,90.6,21.2,1003.4,1015.5,2359,1012.1,557,1013.4,12.6,0,1200,0.29,1.52,,,,,,9.8,6.8,20.7,18.5,21.2,21.5,22.4,23.5,24.2,24.7,24.4,20.7,17.3,0.5,0.8,7,-{박무}-{박무}{강도1}0300-{박무}{강도2}0600-{박무}{강도1}0900-{박무}{강도1}1200-{박무}{강도0}1500-{박무}{강도0}1800-{박무}{강도0}2100-{박무}{강도0}2400- {비}0040-{비}{강도0}0300-{소나기}0430-{비}0440-{비}{강도1}0600-{비}{강도1}0900-{비}{강도0}1200-1312. {안개비}1520-1605. {비}1845-1920. {천둥}{강도0}(SW)0405. {뇌전}{강도0}(SW 4~5)0433.,
2013-10-20,,FC서울홈경기,K리그 클래식(vs울산),GS스포츠,15185,32004350,1,108,서울,16.7,11.7,702,22.9,1527,,,,,,,6.1,70,24,4.4,270,1720,2.3,1992,70,8.5,33,1518,60.1,11.1,1009.7,1023.5,1,1017.1,1607,1019.9,11.1,8.5,1100,2.01,12.57,,,,,,4.9,4.1,17.4,7.4,16.1,15.9,16.4,16.9,17.4,20.1,21.2,20.7,18.5,2,2.9,,,
2013-11-02,,FC서울홈경기,K리그 클래식(vs수원),GS스포츠,25583,42302370,1,108,서울,11.6,8.6,2311,14.9,1,6.58,,,,,7.5,8.7,320,937,5.1,320,954,1.6,1412,50,8.1,61,8,79.8,10.8,1012.7,1024.4,1038,1022.1,1418,1023.1,10.6,0,1400,0.61,1.94,,,,,,7.3,5.1,12.3,4,12.9,13.2,14.1,15.1,15.7,17.7,19.3,20.2,18.5,,0.1,7.5,-{연무}-{연무}{강도0}0300-{연무}{강도0}0600-{연무}{강도0}0900-0920. {박무}0915-{박무}{강도1}1200-{박무}{강도0}1500-{박무}{강도0}1800-{박무}{강도0}2100-{박무}{강도0}2400- {비}0735-{비}{강도0}0900-{비}{강도0}1200-1410.,
2013-11-17,,FC서울홈경기,K리그 클래식(vs인천),GS스포츠,13305,31644230,1,108,서울,5.2,2.2,2357,7.6,1542,0.62,,,,,1,11.7,290,1005,7.5,270,1559,4.2,3603,270,-2.9,28,1705,58.1,5.2,1003.2,1015.9,2036,1010.8,353,1013.8,10.1,5.8,1100,0.82,5.59,,,,,,4,4,5,0.4,6.4,7.1,8.5,10.1,11.4,14.7,16.9,19.4,18.5,,2,0,-{비}-0035. {소나기}1221-1223. -{뇌전}-{뇌전}{강도1}(SW{이동}S 3~4)0003-0005. -{박무}-{박무}{강도0}0300-{박무}{강도0}0600-0740.,
2013-11-20,,FC서울홈경기,K리그 클래식(vs전북),GS스포츠,5307,28136110,1,108,서울,1.5,-1.9,709,5.9,1530,,,,,,,10.2,270,1234,6.4,270,1451,3.2,2799,270,-11.3,27,1318,38.8,2.6,1010.2,1023.3,2355,1019.1,1,1021,10,9.3,1200,1.79,10.5,,,,,,0,0,0.9,-4.6,2.4,3.2,4.8,7.3,8.9,13.9,16.3,19.2,18.4,,4.2,,,
2013-11-24,,FC서울홈경기,K리그 클래식(vs부산),GS스포츠,16946,33527290,1,108,서울,7.3,4.4,526,10.6,1214,8.25,,,,,14,11,90,1952,7.2,70,2055,3.5,3010,70,2.7,52,1307,74.3,7.5,1003.4,1023.4,1,999.6,2255,1013.9,9.9,2.2,1000,0.98,4.27,,,,,,7.4,3.3,5.7,0.8,6,6.1,6.7,7.7,8.7,12.7,15.3,18.8,18.3,,0.5,21,-{연무}-0120. {박무}0115-{박무}{강도1}0300-{박무}{강도1}0600-{박무}{강도1}0900-0910. {연무}0905-{연무}{강도0}1200-{연무}{강도0}1500-1735. {박무}1730-{박무}{강도1}1800-{박무}{강도1}2100-{박무}{강도1}2400- {햇무리}1050-1120. {비}1545-{비}{강도0}1800-{비}{강도1}2100-{비}{강도0}2400-,
2014-03-08,,FC서울홈경기,K리그 클래식(vs전남),GS스포츠,13674,38254820,1,108,서울,2,-2.2,623,7,1513,,,,,,,9.1,270,1456,5.7,200,1308,2.5,2178,270,-6.6,25,1525,55,3.7,1014.1,1029.1,118,1022,1708,1024.9,11.6,7.4,1300,1.91,11.88,,,,,,5.1,1.6,3.6,-7.3,2.6,2.9,3.6,4.2,4.5,6,7.3,11.3,14.6,,2,2.2,,
2014-03-23,,FC서울홈경기,K리그 클래식(vs부산),GS스포츠,16460,38900410,1,108,서울,9.6,4.6,700,15.5,1335,,,,,,,9.7,200,1427,7.2,230,1435,3,2631,250,2.4,38,1509,63.6,7.3,1016.9,1028.9,940,1025.9,1,1027.4,12.2,10.1,1200,2.19,15.45,,,,,,0,0,12.3,0.8,10.3,9.8,9.5,9,8.5,8.2,8.4,11.2,14.2,,4.1,,-{박무}-{박무}{강도0}0300-{박무}{강도1}0600-{박무}{강도1}0900-0915. {연무}0910-{연무}{강도0}1200-{연무}{강도0}1500-1620.,
2014-03-26,,FC서울홈경기,K리그 클래식(vs제주),GS스포츠,6872,31282850,1,108,서울,15.4,11.8,2356,21.9,1404,2.33,,,,,0,10.5,230,1533,6.8,250,1517,2.8,2390,250,8.2,26,1444,64.6,10.9,1000.1,1012.8,2340,1007.9,1432,1010.2,12.4,6.4,1200,2.19,12.46,,,,,,5.4,1.4,16.8,8.5,14.8,13.6,12.4,11.1,10.4,8.8,8.7,11.2,14.1,,3,,-{박무}-{박무}{강도0}0300-{박무}{강도0}0600-{박무}{강도0}0900-1045. -{비}-0220. {연무}1040-{연무}{강도0}1200-1420. {연무}2130-{연무}{강도0}2400-,
2014-04-06,,FC서울홈경기,K리그 클래식(vs전북),GS스포츠,22662,48405350,1,108,서울,7.4,2.3,621,12.8,1458,,,,,,,13.6,250,1314,9.3,250,1318,4,3427,250,-3.1,24,1216,50.6,5.1,1009.6,1022.3,843,1017.3,1,1020.2,12.8,12.1,1200,2.89,21.58,,,,,,0.5,0.1,13.8,-0.5,10.3,10.3,10.6,10.9,10.6,11,10.6,11.3,13.9,2.8,3.6,,,
2014-04-12,,FC서울홈경기,K리그 클래식(vs경남),GS스포츠,12497,35535660,1,108,서울,14.3,11.1,28,17.2,1153,,,,,,,5.5,270,1345,3.6,270,1437,1.7,1500,290,8.5,58,1144,68.8,11.1,1007.3,1019.4,31,1016,1802,1017.5,13,0,1100,1.38,6.29,,,,,,9.4,3.8,15.5,8.9,15,14.5,14.3,13.8,13,11.6,11,11.5,13.7,1.2,1.6,,-{박무}-{박무}{강도0}0300-{박무}{강도0}0600-{박무}{강도1}0900-0944. {연무}0937-{연무}{강도0}1200-{연무}{강도0}1500-{연무}{강도0}1800-{연무}{강도0}2100-{연무}{강도0}2400-,
2014-04-20,,FC서울홈경기,K리그 클래식(vs포항),GS스포츠,13554,35771030,1,108,서울,14.6,10,637,21.6,1436,,,,,,,9.9,320,1731,5.8,290,1737,3.4,2944,70,4.6,31,1159,54.4,8.6,1007.3,1020.8,101,1015.1,1655,1017.6,13.4,11.3,1200,2.82,21.22,,,,,,3.1,1,22.4,8.1,18.3,16.9,16,15.4,14.1,13.1,12.5,11.8,13.6,3.5,4.1,,{박무}2025-{박무}{강도0}2100-{박무}{강도0}2400-,
2014-05-18,,FC서울홈경기,K리그 클래식(FC서울 vs 성남),GS스포츠,18636,39765780,1,108,서울,20.3,13.7,543,27.1,1439,,,,,,,8.2,250,1534,5.6,270,1830,2.4,2062,250,9,29,1442,50.1,11.5,1002.8,1014.1,916,1010.8,1507,1012.8,14.3,12.6,1200,2.88,22.57,,,,,,1.8,0,25.8,9.4,23.4,21.9,21,,18.5,16.8,15.8,13.1,13.6,4.4,5.3,,,
2014-07-12,,FC서울홈경기,K리그 클래식(vs수원),GS스포츠,46549,81453860,1,108,서울,25.3,22.9,525,29.6,1508,,,,,,,7.5,230,2,5.2,230,5,3.2,2753,230,20.2,53,1457,74.3,23.7,993.8,1004.5,749,1002.1,1738,1003.5,14.6,0.8,,,,,,,,,7.4,4.5,30.4,20,28.2,28,27.8,26.3,25.7,23.7,22.5,16.7,14.8,2.9,3.3,,-{연무}-0255. {박무}0250-{박무}{강도0}0300-{박무}{강도1}0600-{박무}{강도0}0900-1050. {연무}1045-{연무}{강도0}1200-{연무}{강도0}1500-{연무}{강도0}1800-2010. {박무}2005-{박무}{강도0}2100-{박무}{강도0}2400-,
2014-07-23,,FC서울홈경기,K리그 클래식(vs상주),GS스포츠,7803,32702270,1,108,서울,23.6,21.7,2358,25.2,1251,13.42,8,333,21.5,306,55,10.6,250,455,6.4,230,501,3.2,2796,230,21.7,63,1244,90,26.1,995.4,1007.2,2317,1003.3,427,1005.1,14.4,0.7,1200,1.36,5.93,,,,,,10,7.4,25,21.2,25.7,25.6,25.8,25,26,24.7,23.5,17.5,15.2,1.1,1.4,46.5,-{비}-0010. {비}0030-{비}{강도0}0300-{비}{강도0}0600-0853. {비}1315-1330. {비}1508-1520. {비}1725-1750. {비}1850-1910. {비}2020-{비}{강도0}2100-{비}{강도1}2400- {박무}0205-{박무}{강도1}0300-{박무}{강도1}0600-0820.,
2014-08-06,,FC서울홈경기,K리그 클래식(vs울산),GS스포츠,12551,29422030,1,108,서울,24.4,22.5,2028,26.2,1,15.75,2,1626,4.5,1616,10.5,7.2,320,2305,4.9,230,245,2.2,1903,270,23,76,1133,92.4,28.1,996.1,1007,2308,1004.7,159,1005.8,13.9,0,1100,0.76,3.94,,,,,,10,6.8,25.8,22.2,26.2,26.2,26.5,25.5,26.9,25.3,23.8,18.9,16,0.2,0.3,10.2,{비}0520-{비}{강도0}0600-0645. {비}0730-0745. {비}0925-1120. {비}1150-{비}{강도0}1200-{비}{강도0}1500-{비}{강도1}1800-{비}{강도0}2100-{비}{강도0}2400- -{박무}-{박무}{강도0}0300-{박무}{강도0}0600-{박무}{강도0}0900-1125.,
2014-08-16,,FC서울홈경기,K리그 클래식(vs인천),GS스포츠,24027,41640640,1,108,서울,26.1,22.2,532,31.8,1433,,,,,,,8.4,250,1625,5.1,270,1643,1.8,1578,290,20.8,50,1347,73.9,24.6,1000.1,1011,2234,1008.7,58,1009.8,13.6,8.8,1300,2.55,15.5,,,,,,5.1,3,28.4,18.9,27.6,26.4,25.8,24.2,25.4,24.8,23.9,19.5,16.5,3.1,3.5,0,{박무}0530-{박무}{강도0}0600-{박무}{강도0}0900-1140. {연무}1135-{연무}{강도0}1200-1245.,
2014-08-31,,FC서울홈경기,K리그 클래식(vs제주),GS스포츠,14493,37256390,1,108,서울,24.1,20.7,553,29,1539,,,,,,,4.9,50,707,3,50,711,1.4,1217,50,17.5,46,1501,68.6,20.1,1003.6,1014.7,956,1012.2,1759,1013.4,13.1,3.6,1400,1.85,12.18,,,,,,6.3,0.6,25.8,18.1,25.3,25.2,25.4,24.3,25.6,24.7,23.8,20.1,17,2.3,2.6,,,
2014-09-13,,FC서울홈경기,K리그 클래식(vs인천),GS스포츠,17345,41513490,1,108,서울,23.1,18.6,614,28.3,1441,,,,,,,7.1,50,818,4.1,50,1226,2.3,1979,70,14.6,39,1438,60.9,16.7,1004.9,1016.2,2325,1013.2,1612,1014.7,12.5,10.1,1000,2.16,15.27,,,,,,2,1.9,26.9,15.4,24.6,24.5,24.5,23.5,24.6,24.3,23.7,20.3,17.4,2.3,3.6,,-{박무}-0240.,
2014-09-24,,FC서울홈경기,K리그 클래식(vs경남),GS스포츠,4336,28589420,1,108,서울,20.3,18,1012,23.8,1602,9.67,1,432,3,920,6.5,11.7,20,1303,6.3,70,1303,2.6,2230,50,16.1,51,1,77.9,18.3,999.7,1013.6,14,1007,1607,1009.6,12.1,2.5,1400,1.37,6.96,,,,,,8.4,4.9,21.7,15.4,22,22.6,23.2,22.6,23.3,23.3,23.2,20.4,17.6,1.3,1.6,3.5,{비}0034-0044. {비}0210-{비}{강도0}0300-{비}{강도0}0600-{비}{강도0}0900-1140.,
2014-10-05,,FC서울홈경기,K리그 클래식(vs수원),GS스포츠,41300,59449530,1,108,서울,17.1,12.5,628,23.2,1535,,,,,,,9.8,90,1841,5.7,70,1827,3.1,2691,70,7.1,33,1545,53.1,10.1,1008.6,1022.5,2,1015.7,1659,1018.8,11.7,10.8,1200,2.38,16.2,,,,,,1.3,1.3,18.9,8.7,17.2,17.9,18.7,18.9,21.1,22.2,22.5,20.5,18,3,4,,,
2014-10-26,,FC서울홈경기,K리그 클래식(vs부산),GS스포츠,17039,37553900,1,108,서울,16,11.6,2356,19.9,1247,1.42,0.5,1930,0.5,1840,0.5,9.7,270,2104,6.4,270,2107,2.8,2437,230,11.6,42,2323,76.9,14.1,1008.1,1019.9,136,1015.9,1735,1018.2,10.8,2.9,1100,1.73,6.75,,,,,,6,5.5,16.2,6.5,16.3,16.1,16.4,16.1,17.6,18.9,19.7,20,18.2,1.5,1.9,0.5,-{박무}-{박무}{강도1}0300-{박무}{강도1}0600-{박무}{강도0}0900-1045. {연무}1040-1125. {박무}1830-{박무}{강도0}2100-2135. {비}1820-1945.,
2014-11-02,,FC서울홈경기,K리그 스플릿(vs전북),GS스포츠,10990,32273960,1,108,서울,12,7.1,2357,15.4,1508,4.17,,,,,2.5,16.6,270,604,8.7,290,1808,4.8,4126,270,0.8,25,1537,50.5,7.3,1001.5,1017.1,2331,1008.7,509,1011.8,10.6,8.3,1400,1.57,10.22,,,,,,4.9,4,13,4.5,13.1,14,15,15.1,16.7,17.3,18.8,19.7,18.2,,3.4,,{비}0340-{비}{강도0}0600-0750. -{연무}-{연무}{강도0}0300-0442. {박무}0437-{박무}{강도2}0600-{박무}{강도0}0900-0920.,
2014-11-16,,FC서울홈경기,K리그 스플릿(vs울산),GS스포츠,14836,35270500,1,108,서울,6.6,2.6,742,12.4,1417,1.03,,,,,1,9.9,320,2311,6,320,2316,1.6,1424,20,-6.1,22,1418,42.6,4.1,1015.3,1029.7,45,1023.6,1721,1025.9,10.2,7.5,1200,1.61,9,,,,,,6.4,4.1,6.4,-0.8,6.3,6.6,7.5,8.4,11.4,14.6,16.4,19,18.2,,1.4,2.5,{비}1855-1905. {비}2308-{비}{강도0}2400-,
2014-11-26,,FC서울홈경기,K리그 스플릿(vs포항),GS스포츠,7636,29186230,1,108,서울,11,8.2,308,16.3,1535,,,,,,,9.5,50,6,5.9,70,17,2.8,2408,70,2.8,40,1238,58.8,7.5,1008.3,1021.7,2359,1016.9,1441,1018.7,9.9,7.4,1100,1.56,8.67,,,,,,3.5,2.3,8.9,0.6,9.2,9.2,9.7,9.6,11.5,13.2,14.6,18.3,18,,1.3,,{박무}2220-{박무}{강도0}2400-,
2015-03-14,K리그,K리그 클래식,K리그 클래식(vs전북),GS스포츠,32516,53033020,1,108,서울,4.3,-1.2,710,11.6,1445,,,,,,,10,270,1607,6.6,270,1608,2.3,1989,250,-11.7,17,1434,31.4,2.5,1012.9,1026.1,908,1021.9,1521,1023.6,11.9,9.8,1200,2.49,16.81,,,,,,2,0,5.5,-6.9,4.7,4.9,5,4.6,5.2,5.8,6.6,11.2,14.6,,3,,{햇무리}1420-1520. {햇무리}1550-1605.,
2015-04-04,K리그,K리그 클래식,K리그 클래식-4R(vs제주),GS스포츠,22155,44383420,1,108,서울,13.5,8.9,620,18.5,1452,4.17,0,,0,,0,10.8,90,312,6.9,70,205,4.3,3687,70,2.3,31,1259,48,7.3,1003.5,1015.9,930,1011.2,1805,1013.8,12.7,5.5,1000,2.25,12.62,,,,,,8,4.5,13.6,8.3,13.2,12.3,12.2,11.4,11.6,10.2,9.6,11.1,14,2.6,2.7,0,{햇무리}1320-1335. {비}1540-{비}{강도0}1800-1950.,
2015-04-15,K리그,K리그 클래식,K리그 클래식-6R(vs대전),GS스포츠,7186,32039255,1,108,서울,11.1,5.6,152,17,1615,3.67,0.5,1,0.5,1,1,8.3,270,1235,5.7,230,1316,2.9,2491,250,5.8,45,1554,72,9.2,998.1,1010.4,2239,1006.8,541,1008.4,13.2,8.5,1300,2.59,16.51,,,,,,4.4,3.5,13.6,4.7,12.7,11.9,11.6,10.8,11.6,11.2,10.9,11.3,13.6,1.7,3.3,,-{박무}-{박무}{강도0}0300-{박무}{강도0}0600-{박무}{강도0}0900-1040. {연무}1415-{연무}{강도0}1500-{연무}{강도0}1800-{연무}{강도0}2100-{연무}{강도0}2400- -{비}-{비}{강도0}0300-0340.,
2015-05-02,K리그,K리그 클래식,K리그 클래식-9R(vs성남),GS스포츠,18441,41630820,1,108,서울,20.7,15.8,551,26,1413,3.25,0.2,2135,0.5,2131,0.5,7.1,270,1423,4.9,270,1822,2.1,1815,250,13.3,39,1412,64.4,15.4,1001.7,1014.1,34,1009.5,1735,1011.6,13.8,6.6,1100,1.86,15.24,,,,,,7.1,3,23.7,11.7,20.6,20.8,19.9,18,16.9,14.3,13.2,12,13.5,1.6,2.8,3,{연무}0220-{연무}{강도0}0300-0350. {박무}0340-{박무}{강도0}0600-0725. {박무}2140-{박무}{강도0}2400- {비}2045-{비}{강도0}2100-{비}{강도0}2400-,
2015-05-16,K리그,K리그 클래식,K리그 클래식-11R(vs전남),GS스포츠,17819,41393340,1,108,서울,18,11.6,545,25.2,1407,,,,,,,11.3,250,1345,6.5,230,1647,3,2633,250,3.5,16,1253,41.3,8,1000.1,1011.7,2328,1007.9,1725,1010.1,14.2,13.3,1200,3.11,25.62,,,,,,0.4,0,23,5,21,19.9,19.4,18.1,18.2,16.5,15.4,12.8,13.6,4.1,6.1,,,
2015-05-31,K리그,K리그 클래식,K리그 클래식(vs울산),GS스포츠,18413,42976350,1,108,서울,22.1,15.3,503,30.4,1528,,,,,,,8.1,290,1659,5.5,270,1728,2.2,1936,250,10.1,18,1503,52.8,12.7,998,1009.6,814,1006,1613,1007.9,14.6,12.5,1100,2.89,23.66,,,,,,3,1.3,29.7,12.8,26,24.1,23.1,21.4,20.6,18.8,17.3,13.6,13.7,5.9,6.3,,-{박무}{강도1}0300-{박무}{강도1}0600-0840. {연무}0830-{연무}{강도0}0900-1030.,
2015-06-03,K리그,K리그 클래식,K리그 클래식(vs인천),GS스포츠,5023,32334930,1,108,서울,23.3,17.1,559,29.4,1639,,,,,,,14.4,20,902,7.5,290,1430,3.8,3287,290,4.2,13,1533,33.3,8.6,997.4,1010.2,2354,1004.8,1533,1007.2,14.6,13.2,1200,3.16,26.58,,,,,,2.6,0,31.6,15.4,27.2,25.5,24.5,22.6,,19.1,17.8,13.8,13.6,7.3,8.5,,,
2015-06-17,K리그,K리그 클래식,K리그 클래식(vs부산),GS스포츠,4267,31555280,1,108,서울,23.4,20.2,2359,30.8,1323,2.18,6,2338,10.5,2330,9.5,10.3,230,1419,6.7,250,1425,2.6,2243,50,17.9,38,1330,72.8,20.5,994.5,1005.8,2325,1002,1753,1004.2,14.8,7.1,1100,2.58,15.34,,,,,,5.4,3.1,26.2,17.8,26,25.9,25.4,24.1,24.1,21.2,19.9,14.9,14,2.7,3,12.5,{천둥}{강도0}(SW)1403-{천둥}{강도0}(SW{이동}S)1444-{천둥}{강도0}(S)1500-1514. {소나기}1454-{소나기}{강도0}1500-1635. {소나기}2330-{소나기}{강도1}2400- {연무}1815-1940. {연무}2030-{연무}{강도0}2100-2325. {박무}2315-{박무}{강도0}2400-,
2015-06-27,K리그,K리그 클래식,K리그 클래식(vs수원),GS스포츠,39328,90737710,1,108,서울,25.2,19.2,544,31.1,1555,,,,,,,8.6,70,746,4.5,50,811,2.2,1909,50,15,34,1548,55.3,17.1,996.1,1008,2201,1003.1,203,1005.8,14.8,12.6,1200,3.14,26.17,,,,,,3.1,3.1,27.5,17.6,26.6,25,24.3,23.1,23.4,22,20.8,15.6,14.3,5.3,5.8,,,
2015-07-05,K리그,K리그 클래식,K리그 클래식(vs광주),GS스포츠,11587,37479390,1,108,서울,24.2,20.1,547,29.6,1256,,,,,,,7.8,270,1610,4.9,270,1618,2.3,1983,270,14.9,38,1247,57.4,16.9,1000.9,1012.2,746,1008.9,1653,1010.7,14.7,9.7,1200,2.74,18.23,,,,,,5.1,3.6,27.7,17,26.5,26.7,26.5,25,24.5,22.7,21.5,16.2,14.6,3.8,4.8,,,
2015-07-11,K리그,K리그 클래식,K리그 클래식(vs포항),GS스포츠,17913,45552070,1,108,서울,30.4,25.7,525,36,1446,3.17,0,,0,,0,9.9,20,1835,4.8,270,1740,2.1,1822,50,21.4,40,1300,60.3,25.5,999,1011,1,1006,1657,1008.5,14.6,9.9,1100,2.52,17.99,,,,,,7.5,3.1,34.9,22.9,32.3,30,28.7,26.5,25.9,23.1,22,16.6,14.8,3.9,4,7,{햇무리}0802-1320. {햇무리}1450-1510. {비}2050-{비}{강도0}2100-{비}{강도0}2400-,
2015-07-25,K리그,K리그 클래식,K리그 클래식(vs인천),GS스포츠,10454,36730020,1,108,서울,25,24.4,18,26.4,1357,13.08,9.5,458,31,1635,80,10.3,270,1810,6.4,230,1834,3.2,2793,230,24,83,917,95.1,29.9,995.7,1007.1,2326,1004,1612,1005.4,14.3,0,800,0.28,1.93,,,,,,10,6,25.4,24,25.4,25.1,25.3,24.7,25.8,24.2,22.8,17.4,15.2,0.1,0.2,89.5,-{비}-0045. {비}0110-0240. {비}0440-{비}{강도2}0600-0640. {비}1230-{비}{강도1}1500-{비}{강도2}1800-2050. {비}2220-2245. {비}2355-{비}{강도0}2400- -{박무}-{박무}{강도0}0300-0320. {박무}1420-{박무}{강도0}1500-{박무}{강도1}1800-{박무}{강도0}2100-{박무}{강도0}2400- {천둥}{강도0}(S)1648-{뇌전}{강도0}(S 3~4)1655-{뇌전}{강도1}(SSW 2~3)1700-1703.,
2015-08-22,K리그,K리그 클래식,K리그 클래식(vs대전),GS스포츠,17986,43833680,1,108,서울,25.5,23.4,636,29.6,1545,0.25,0,,0,,0,6.9,290,1609,4.3,250,1050,2.5,2121,230,19.3,43,1548,69.8,22.4,995.4,1006,2250,1004.1,1503,1005.1,13.4,6.9,1200,2.17,14.11,,,,,,6.9,5.1,26.9,19.9,26.4,26,25.9,25.1,25.9,25,23.9,18.9,15.9,3.1,4.4,0,{박무}0135-{박무}{강도0}0300-{박무}{강도0}0600-0855. {연무}0850-{연무}{강도0}0900-1030. {소나기}1120-1135.,
2015-09-09,K리그,K리그 클래식,K리그 클래식(vs포항),GS스포츠,9566,38273140,1,108,서울,22.4,15.3,620,30.1,1548,,,,,,,11.8,50,2049,5.9,50,2046,2.9,2500,50,8.6,28,1348,42.9,11.3,1006.5,1018.6,652,1013.9,1609,1016.4,12.7,12,1200,2.76,20.51,,,,,,0.4,0,25.8,8.3,23.9,23.6,23.7,23.1,23.9,24,23.5,19.6,16.5,2.9,4.7,,,
2015-09-23,K리그,K리그 클래식,K리그 클래식(vs성남),GS스포츠,8792,35108830,1,108,서울,22,19,620,26.1,1226,,,,,,,5.4,50,709,3.2,70,748,1.7,1477,50,13,42,1208,57.9,15,1000.9,1014.3,140,1008.6,1943,1010.7,12.2,2.1,1100,1.69,7.24,,,,,,6.6,2.9,22.7,13.3,22.6,23.3,23.8,23.2,23.7,23.3,22.9,19.9,17,3,3.6,,,
2015-09-28,K리그,K리그 클래식,K리그 클래식(vs광주),GS스포츠,17061,41638164,1,108,서울,21.4,15.5,648,28.3,1343,1.32,0,,0,,0,8.2,360,1634,4.8,340,1641,1.6,1369,90,6.1,20,1301,39.6,9.5,1009.4,1021.9,2358,1016.4,1,1019.4,12,5.6,1100,2.24,11.23,,,,,,5.8,3.1,22.2,8.8,21.9,22.6,23.1,22.6,23.2,23.2,22.8,20,17.2,2.9,3.4,0,{비}1755-{비}{강도0}1800-1914.,
2015-10-04,K리그,K리그 클래식,K리그 클래식(vs전남),GS스포츠,20192,45085064,1,108,서울,16.6,11.2,640,22.4,1506,,,,,,,6,290,1518,4.1,270,1518,1.8,1531,50,1.9,23,1119,38.9,7.2,1015.9,1027.9,853,1024.5,1707,1026.1,11.7,8.9,1400,1.7,12.36,,,,,,6.3,0.3,17.1,7,16.8,17.4,18.9,19.2,20.9,22.3,22.5,20,17.3,1.9,2.5,,{햇무리}1340-1525.,
2015-10-25,K리그,K리그 클래식,K리그 스플릿(vs전북),GS스포츠,24262,51532290,1,108,서울,16.3,12.1,640,22.8,1446,,,,,,,6.6,50,238,4.2,50,226,2.1,1814,70,5.7,32,1359,51,9.1,1013.4,1025.7,905,1022.1,1,1023.6,10.9,8.6,1200,2.01,12.95,,,,,,0.9,0,15.9,7.6,15.9,16.3,17.3,17.4,18.6,19.7,20.2,19.7,17.7,1.8,2.7,,{채운}1545-1640.,
2015-11-07,K리그,K리그 클래식,K리그 스플릿(vs수원),GS스포츠,23308,69127730,1,108,서울,10.5,9.3,249,11.7,2246,24,,,,,24.5,12.3,70,1506,7.3,70,1129,6,5168,70,9.1,86,426,91.5,11.6,1011.7,1026.7,7,1017.8,2331,1022.1,10.4,0,1200,0.38,2,,,,,,10,5.9,11.2,8.6,11.1,11.7,12.6,12.9,14.4,16.4,18,19.3,17.8,,0.3,28,-{비}-{비}{강도0}0300-{비}{강도0}0600-{비}{강도0}0900-{비}{강도0}1200-{비}{강도0}1500-{비}{강도0}1800-{비}{강도1}2100-{비}{강도1}2400- {박무}1535-1615.,
2016-03-20,K리그,K리그 클래식,K리그 클래식(vs상주),GS스포츠,25950,49204650,1,108,서울,10.6,4.9,700,17.5,1500,,,,,,,7.5,340,1600,4.6,320,1551,2.2,1867,320,0.9,29,1447,54,6.5,1009.9,1022.8,2237,1017.5,1,1020.3,12.1,10.4,1300,2.42,17.03,,,,,,0.5,0.5,13.5,-1.1,11,10.2,9.7,8.8,8.3,7.1,7.5,10.8,14,,3.2,,{박무}0320-{박무}{강도0}0600-0755. {연무}0750-{연무}{강도0}0900-0940.,
2016-04-02,K리그,K리그 클래식,K리그 클래식(vs인천),GS스포츠,19318,45520290,1,108,서울,15,9.6,642,21.7,1503,,,,,,,9.8,290,1505,5.6,320,1605,2.3,1967,320,0.7,22,1249,40.8,6.7,1007.9,1019.8,2231,1016.3,1451,1018.1,12.7,9,1100,2.36,16.99,,,,,,2.4,0.5,18.5,2.9,14.9,13.8,13,11.7,10.8,9.4,9.2,10.8,13.5,2.8,4.2,0,{연무}2040-{연무}{강도0}2100-{연무}{강도0}2400-,
2016-04-16,K리그,K리그 클래식,K리그 클래식(vs수원FC),GS스포츠,13190,40614080,1,108,서울,14.9,9.8,538,20.7,1226,11.17,2,1958,7.5,1936,23.5,10.9,90,2025,7.3,110,2013,2.9,2535,110,5.8,26,1140,58.9,9.8,996.6,1018.9,34,989.3,2400,1006.7,13.2,2.8,900,1.55,7.23,,,,,,7.5,5.1,15.4,4.7,14.5,14.2,14.5,13.9,13.8,12.1,11.4,11.2,13.2,0.3,0.4,44,{비}1250-{비}{강도0}1500-{비}{강도0}1800-{비}{강도1}2100-{비}{강도1}2400-,
2016-05-08,K리그,K리그 클래식,K리그 클래식(vs포항),GS스포츠,17530,44274590,1,108,서울,19.4,11.6,544,26.8,1554,,,,,,,8.9,270,1814,5.4,270,1732,2.1,1841,90,5.5,23,1540,44.8,9.2,1005.8,1018.5,754,1013.1,1624,1015.8,14,11.5,1100,2.86,23.51,,,,,,5.4,3,20.8,6.2,20.1,18.7,17.9,16.7,16.7,15.2,14.3,12.2,13,3.9,5.5,,{햇무리}1220-1245. {채운}1240-1350. {햇무리}1505-1519.,
2016-05-29,K리그,K리그 클래식,K리그 클래식(vs전남),GS스포츠,15851,42483520,1,108,서울,21.5,17.2,155,27.6,1543,,,,,,,7.5,270,1847,5.2,270,1938,2.3,1946,270,12,34,1441,56.1,14.1,994.8,1006.7,1,1002.4,1628,1004.6,14.5,8.7,1200,2.95,20.67,,,,,,4.1,2.5,27.6,13.6,23.9,23.2,22.4,20.9,20.9,18.6,17.3,13.6,13.3,3.5,4.9,,{연무}0840-{연무}{강도0}0900-1050. {박무}2315-{박무}{강도0}2400-,
2016-06-06,K리그,K리그 클래식,K리그 클래식(vs제주),GS스포츠,17466,45826590,1,108,서울,23.3,20.8,558,28.4,1330,0.83,0,,0,,0,7,110,1303,3.8,160,158,2.3,1995,110,11.7,31,1254,49.1,13.9,1002.4,1013.8,805,1010.7,1555,1012.2,14.7,4.6,1100,2.49,15.57,,,,,,7.4,2.4,28,18.3,25.7,25.2,24.5,22.8,22.6,20,18.3,14.2,13.5,5.2,6.2,0.1,{햇무리}1140-1235. {비}1352-1420. {비}2053-{비}{강도0}2100-2115.,
2016-06-15,K리그,K리그 클래식,K리그 클래식(vs광주),GS스포츠,5505,34016190,1,108,서울,20.9,17.4,743,24.5,1223,11,2.5,629,7,539,15.5,10,200,1756,5.3,200,1805,2.7,2357,200,17.5,58,1156,81.8,20,990.5,1003.6,626,998.3,1700,1000.3,14.8,1.9,1100,2.18,7.05,,,,,,9,7.1,20.8,16.3,22.5,23.4,24.1,23,23.6,21.1,19.4,14.9,13.7,2.6,3,5.5,{비}0417-0427. {비}0447-0454. {비}0546-{비}{강도0}0600-0835. {비}0925-0935. {비}1230-{비}{강도0}1500- {비}{강도0}1800-1859. {비}1940-2055. {천둥}{강도0}(S)0549-{천둥}{강도0}(S)0600-{천둥}{강도0}(SSE)0602-0610. {천둥}{강도0}(S)1255-1310. {천둥}{강도0}(S)1355-1423. {박무}0555-{박무}{강도0}0600-0845. {박무}1530-{박무}{강도0}1800-1920.,
2016-06-18,K리그,K리그 클래식,K리그 클래식(vs수원삼성),GS스포츠,47899,88646260,1,108,서울,24.5,20.1,522,29.9,1524,,,,,,,8.6,290,1648,6,290,1657,1.8,1583,270,15.3,39,1110,58,17.4,1001.3,1012.4,857,1009.9,1828,1011.1,14.8,12.5,1100,2.66,22.46,,,,,,1.3,0.5,31.4,16.3,26.7,25.5,24.7,22.9,23.1,21.1,19.6,15,13.7,4,5.3,0,{연무}0055-{연무}{강도0}0300-0400. {박무}0350-{박무}{강도0}0600-0635. {연무}0625-0830. {연무}1140-{연무}{강도0}1200-{연무}{강도0}1500-1740.,
2016-06-29,K리그,K리그 클래식,K리그 클래식(vs성남),GS스포츠,7865,41603320,1,108,서울,25.3,20.9,535,30.2,1420,,,,,,,7.4,70,809,4.7,160,1315,2.2,1930,200,16.2,40,1307,58,18.6,1000.3,1011.5,1,1008.3,1446,1010.1,14.7,7.5,1200,2.73,17.64,,,,,,6.9,4.8,30.9,16.7,27.4,26.4,25.6,23.9,24.2,22,20.5,15.8,14,3.7,5,0.1,,
2016-07-09,K리그,K리그 클래식,K리그 클래식(vs울산),GS스포츠,18372,49353270,1,108,서울,27.7,23.2,548,32.7,1518,,,,,,,7.4,250,1723,4.8,270,1640,2,1713,270,19.9,38,1506,64.8,23.3,996.4,1007.5,134,1004.2,1706,1006,14.6,12.1,1200,2.99,24.33,,,,,,3.1,0.3,34,19,29.4,28,26.8,24.8,24.7,22.7,21.8,17.7,14.8,5.4,7.7,,{햇무리}1340-1830.,
2016-07-20,K리그,K리그 클래식,K리그 클래식(vs전북),GS스포츠,18814,50784780,1,108,서울,28.6,24,551,32.9,1511,,,,,,,7.3,110,2347,3.5,50,913,1.9,1621,50,20.5,46,1339,62.5,24.1,1002.7,1012.3,1048,1009.7,1715,1012.4,14.4,6.8,1000,2.18,15.58,,,,,,5.4,2.8,30.7,21.5,27.9,26.9,26.3,24.7,25.1,23.4,22.4,17.6,14.9,3.8,5.4,,,
2016-07-31,K리그,K리그 클래식,K리그 클래식(vs포항),GS스포츠,17140,48929580,1,108,서울,28.9,26.6,614,32.8,1506,1.25,0.1,,0.1,,0.2,9.7,270,1552,6,290,1601,1.6,1408,270,23.1,47,1509,72.1,28.3,1001.5,1012.5,811,1009.7,1522,1011.1,14.1,7.6,1400,2.28,16.33,,,,,,5.4,4.5,30.5,24.6,29.3,28.5,28,26.3,26.6,24.7,23.4,18.2,15.4,3.7,5.2,0.1,{비}0310-0330. {비}0525-{비}{강도0}0600-0610. {비}1330-1340. {박무}0410-{박무}{강도0}0600-{박무}{강도0}0900-1020. {연무}1015-1120.,
2016-08-13,K리그,K리그 클래식,K리그 클래식(vs수원삼성),GS스포츠,36309,68641240,1,108,서울,30.2,26.8,556,35.1,1443,,,,,,,7.6,290,1518,4.6,270,1459,2.4,2050,270,23,38,1359,67.9,28.2,996.2,1007,1020,1004.4,1610,1005.8,13.7,10.4,1200,2.83,20.66,,,,,,3,2.4,37.8,24.6,33.1,31.7,30.4,28.7,28.6,26.2,24.4,19,15.9,4.9,7.1,,{박무}0540-{박무}{강도0}0600-{박무}{강도0}0900-0940. {연무}0935-1115.,
2016-08-28,K리그,K리그 클래식,K리그 클래식(vs전북),GS스포츠,24508,57407730,1,108,서울,21,18.3,2324,24.5,1025,7.07,0.5,1636,1.5,1611,1.5,11.2,360,1529,5.7,20,1523,2.6,2279,20,13.3,45,1405,62.5,15.4,995.8,1007.6,23,1004.6,1355,1005.6,13.1,3.6,1000,1.44,10.21,,,,,,8.3,5.6,23.7,17.1,23.3,24,24.8,24.7,26.6,26.3,25.3,19.9,16.5,2.8,4,1.5,-{비}-0025. {비}0310-{비}{강도0}0600-0620. {비}1203-1227. {비}1535-{비}{강도0}1800-1815. {비}1940-2005. {무지개}1745-1820. {무지개}1850-1915.,
2016-09-03,K리그,K리그 클래식,K리그 클래식(vs울산),GS스포츠,13843,44235720,1,108,서울,23.9,20.4,244,28.6,1646,2.67,0.5,58,0.5,25,0.5,7.4,50,21,3.8,70,158,1.8,1588,50,18.7,51,1729,73.8,21.5,998.8,1010.5,2321,1007.5,1540,1008.6,12.9,3.1,1400,1.64,8.93,,,,,,6.1,6.1,25,19.9,24.1,23.9,24,23.4,24.8,24.8,24.6,20.3,16.8,2,2.9,,{소나기}0025-0250. {소나기}0335-0350. {박무}0240-{박무}{강도0}0300-0320. {박무}2130-{박무}{강도0}2400-,
2016-09-18,K리그,K리그 클래식,K리그 클래식(vs제주),GS스포츠,15516,44263090,1,108,서울,23.5,20.2,545,28.3,1549,,,,,,,8.7,70,957,4.8,70,1118,3.1,2714,70,13.3,40,1534,53.4,15.3,1001.7,1013.1,2339,1010.1,1528,1011.5,12.3,9.3,1100,2.35,15.29,,,,,,5.4,1.9,24.7,17.8,23.7,23.6,23.9,23.5,24.7,24.3,23.8,20.4,17.3,4.3,6.1,,,
2016-10-15,K리그,K리그 클래식,스플릿리그 (vs울산),GS스포츠,10482,38438370,1,108,서울,19.1,12.4,640,27.1,1504,,,,,,,5.2,110,1236,2.6,270,1630,1.3,1140,50,10.4,28,1351,60.6,12.6,1014.9,1027.6,918,1022.9,1634,1025,11.3,8.3,1200,2.04,12.6,,,,,,4.1,0.8,19.6,8.8,18.4,18.3,18.3,18,19.4,20.8,21.7,20.6,18,2.6,3.7,,-{연무}-0130. {박무}0125-{박무}{강도1}0300-{박무}{강도1}0600-{박무}{강도1}0900-0910. {연무}0905-{연무}{강도0}1200-1240. {연무}1555-1640.,
2016-10-22,K리그,K리그 클래식,스플릿리그 (vs상주),GS스포츠,11565,41455400,1,108,서울,18.3,14.5,733,22.8,1503,,,,,,,6.7,50,2314,4.2,50,2356,1.8,1583,50,10,45,1307,59,12.3,1004.4,1018.6,1,1011.8,1454,1014.4,11,5.4,1000,1.35,8.59,,,,,,6.8,5,20.1,12.1,19,18.8,18.8,18.5,19.6,20.3,20.9,20.5,18.1,2.4,3.4,0,,
2016-11-02,K리그,K리그 클래식,스플릿리그 (vs전남),GS스포츠,5011,34624960,1,108,서울,4.1,-2.7,556,10.5,1323,3.57,,,,,0.1,8.1,250,1532,4.2,270,1532,1.4,1244,250,-5.3,25,1038,53.1,4.4,1016.7,1031.4,1,1024.6,1948,1027.5,10.6,7.6,1200,1.85,10.76,,,,,,4.4,3.5,5.4,-7.1,6.6,8.2,10,11,14,17.7,19.5,20.1,18.3,1.6,2.2,0.3,{비}1525-1655. {비}1901-1945. {비}2240-{비}{강도0}2400-,
2017-03-05,K리그,K리그 클래식,K리그 클래식(vs수원),GS스포츠,34376,79174040,1,108,서울,5.2,1.2,715,10.4,1433,3.17,,,,,0.5,7.9,270,1918,4.9,270,1941,2.1,1844,270,0.2,44,1330,71.6,6.2,1005.6,1019,515,1013.6,1551,1016.2,11.5,6.2,1200,1.94,10.86,,,,,,6.1,2.9,5.4,-3.3,5.5,5.2,5.1,5,4.9,5.2,6.5,11.2,14.8,1.8,2.5,0.5,{박무}0240-{박무}{강도0}0300-{박무}{강도0}0600-{박무}{강도0}0900-0905. -{연무}-0245. {연무}0902-{연무}{강도0}1200-{연무}{강도0}1500-{연무}{강도0}1800-1930. {비}1920-{비}{강도0}2100-2230. {박무}1925-{박무}{강도0}2100-{박무}{강도1}2400-,
2017-03-19,K리그,K리그 클래식,K리그 클래식(vs광주),GS스포츠,10892,36970700,1,108,서울,10.9,3.2,642,18.9,1424,,,,,,,6.4,320,1948,4.1,320,1953,1.6,1416,360,-4.6,18,1420,36,4.3,1014.9,1028.6,903,1023.2,1644,1025.4,12.1,10.9,1200,2.47,17.09,,,,,,0.3,0,12.7,-2.5,9.8,8.9,8.3,7.9,7.4,7,7.6,10.9,14.2,3.8,5.4,,{연무}0416-0505. {연무}0605-{연무}{강도0}0900-{연무}{강도0}1200-1240. {연무}1350-{연무}{강도0}1500-1645. {연무}2155-2250. {연무}2332-{연무}{강도0}2400-,
2017-04-08,K리그,K리그 클래식,K리그 클래식(vs제주),GS스포츠,13175,38079860,1,108,서울,13,8.6,647,19.9,1546,1.83,0.2,,0.5,2238,0.5,8.8,250,1619,5.6,250,1623,2.5,2122,250,8.2,47,1447,74.5,10.9,1002.2,1014.5,842,1009.8,1602,1012.5,12.9,6.9,1200,2.5,16.31,,,,,,8.3,1.9,16.5,6.9,14.9,13.9,13.1,12.5,11.9,10.2,9.8,11,13.6,2.6,3.7,1,{박무}0222-{박무}{강도0}0300-{박무}{강도1}0600-{박무}{강도1}0900-1025. -{연무}-0227. {연무}1020-{연무}{강도0}1200-{연무}{강도0}1500-{연무}{강도0}1800-{연무}{강도0}2100-2250. {비}2210-{비}{강도0}2400- {박무}2245-{박무}{강도1}2400-,
2017-04-22,K리그,K리그 클래식,K리그 클래식(vs인천),GS스포츠,14596,40827270,1,108,서울,14.8,8.5,517,22.5,1509,,,,,,,10.5,250,1708,6.6,270,1714,2.1,1836,270,2.3,16,1413,48.4,7.4,1002.8,1015.1,2355,1011.1,1515,1012.9,13.4,12.4,1300,2.66,21.83,,,,,,0.5,0.5,19.9,3.6,15.6,14.7,13.9,13.6,13.2,12.5,11.8,11.4,13.3,4.8,6.8,,{박무}0235-{박무}{강도0}0300-{박무}{강도0}0600-0734. -{연무}-0240. {연무}0729-{연무}{강도0}0900-0927.,
2017-05-03,K리그,K리그 클래식,K리그 클래식(vs전남),GS스포츠,26261,50450840,1,108,서울,21.5,14.5,613,30.2,1455,,,,,,,10.1,270,1756,7.4,270,1805,2,1730,270,4,16,1449,34.1,8.2,1010.5,1022.9,820,1017.6,1728,1020.5,13.8,12.6,1200,3.1,24.05,,,,,,0,0,27.2,8.7,21.6,20.2,18.6,17.7,17.1,14.5,13.2,11.9,13.3,6.2,8.9,,{연무}1005-{연무}{강도0}1200-1245. {연무}1315-1450. {연무}1525-1720.,
2017-05-20,K리그,K리그 클래식,K리그 클래식(vs강원),GS스포츠,14560,45898730,1,108,서울,20.9,15.4,522,27.3,1314,,,,,,,8.6,290,1532,5.7,270,1532,2.4,2115,270,7.5,28,1236,44,10.4,1005.7,1017.5,1,1013.5,1811,1015.7,14.3,13,1200,3.05,24.18,,,,,,5.1,0,27.8,10.9,22.9,22,20.6,19.7,19.5,16.8,15.4,12.9,13.3,5.7,8.2,,{연무}0633-0704.,
2017-05-27,K리그,K리그 클래식,K리그 클래식(vs울산),GS스포츠,16359,42134530,1,108,서울,19.5,13.7,528,26.4,1424,,,,,,,8,290,1256,4.9,270,1720,2.2,1903,290,6.3,24,1425,46.1,9.8,1001.7,1012.8,2316,1010.1,7,1011.7,14.5,13.5,1300,3.18,26.95,,,,,,0.1,0.1,28.4,7.2,23,22.2,21,20.3,20.2,18.2,16.5,13.3,13.3,6.1,8.8,,,
2017-06-21,K리그,K리그 클래식,K리그 클래식(vs대구),GS스포츠,6384,33789660,1,108,서울,25.4,21.7,2351,31.6,1404,0.75,0,,0,,0,9.7,230,1500,6.3,230,1505,2.9,2463,270,14.3,30,1214,52.6,16.4,995.6,1008.5,2358,1002.7,30,1005.2,14.8,11.1,1300,3.01,23.53,,,,,,3,1.4,34,19.4,28.7,27.2,25.7,24.7,24.3,21.5,19.4,15,13.8,5.9,8.5,,{비}0045-0130. {연무}0530-{연무}{강도0}0600-0718. {연무}2350-{연무}{강도0}2400-,
2017-06-25,K리그,K리그 클래식,K리그 클래식(vs상주),GS스포츠,9757,37307610,1,108,서울,23.8,21,443,28.4,1337,3.42,0.5,1639,0.9,1555,1.5,7.2,290,1857,3.6,320,1900,1.5,1320,50,18.9,48,1333,75.4,21.8,992.6,1005,2330,1001,1340,1002.3,14.8,4.6,1100,1.99,12.96,,,,,,7.1,6.3,24.4,19.6,25.3,25.4,24.9,24.5,24.5,22.2,20,15.4,13.9,2.5,3.6,18.4,-{비}-0050. -{박무}-{박무}{강도1}0300-{박무}{강도1}0600-0840. {연무}0830-{연무}{강도0}0900-{연무}{강도0}1200-1410. {비}1420-{비}{강도0}1500-1515. {비}1555-1655. {비}1845-{소나기}1850-1925.,
2017-07-02,K리그,K리그 클래식,K리그 클래식(vs전북),GS스포츠,17571,56086320,1,108,서울,24.3,21.9,2358,26.8,1332,21.33,16,2331,43,2247,92,13.3,270,2027,7.3,290,2035,2.5,2151,230,22.6,81,1227,90.5,27.4,996.8,1008.1,1,1004.7,2356,1006.6,14.7,0,1300,0.95,5.5,,,,,,10,6.8,24.7,21.5,25.6,26,25.6,25.2,25.2,22.7,20.7,15.9,14.2,1.3,1.9,142,-{비}-{비}{강도0}0300-{비}{강도0}0600-0625. -{박무}-{박무}{강도1}0300-{박무}{강도1}0600-{박무}{강도0}0900-{박무}{강도0}1200-1330. {비}0740-{비}{강도1}0900-{비}{강도0}1200-{비}{강도0}1500-1530. {박무}1410-{박무}{강도0}1500-{박무}{강도0}1800-2045. {비}1655-{비}{강도0}1800-{비}{강도1}2100-{비}{강도2}2400- {박무}2225-{박무}{강도1}2400-,
2017-07-12,K리그,K리그 클래식,K리그 클래식(vs포항),GS스포츠,8833,41230490,1,108,서울,27.1,24.9,2358,31.1,1609,3.92,0,,0,,0,7.2,250,1731,4.6,270,1738,2.3,1970,270,22.2,54,1516,75.9,26.8,1000.2,1011.1,944,1008.5,1658,1009.9,14.6,7.7,1300,2.65,17.01,,,,,,6.1,6.1,29.2,22.3,28.3,27.7,26.4,26.1,25.9,24.5,23.8,20.1,16,3.5,5.1,,{안개비}0225-{안개비}{강도0}0300-{안개비}{강도0}0600-0620. -{박무}-{박무}{강도1}0300-{박무}{강도1}0600-{박무}{강도0}0900-1140. {연무}1135-{연무}{강도0}1200-{연무}{강도0}1500-{연무}{강도0}1800-1805. {박무}2350-{박무}{강도0}2400-,
2017-07-23,K리그,K리그 클래식,K리그 클래식(vs전북),GS스포츠,23913,53603280,1,108,서울,27,26.1,1016,28.1,1,8,11.5,945,48,1041,133.5,6.6,270,1715,4.1,270,1716,2.1,1829,200,25,80,1,89.5,31.7,994.9,1007.5,1,1002.7,1757,1004.5,14.3,0,1700,0.59,2.72,,,,,,9.8,7,26.7,25.2,27,27.4,26.8,27.4,27.7,25.4,23.7,18.8,15.4,0.9,1.3,95,-{비}-0020. -{박무}-{박무}{강도0}0300-{박무}{강도1}0600-{시정(미만)}{1km}{안개}0750-{안개}{강도0}0900-{시정(이상)}{1km}{박무}0920-{시정(미만)}{1km}{안개}1050-{시정(이상)}{1km}{박무}1130-{박무}{강도0}1200-{시정(미만)}{1km}{안개}1310-{시정(이상)}{1km}{박무}1405-{박무}{강도2}1500-{박무}{강도0}1800-{박무}{강도0}2100-{박무}{강도0}2400- {비}0545-{비}{강도0}0600-{비}{강도2}0900-{비}{강도2}1200-{안개비}1305-1325.,3.08
2017-08-02,K리그,K리그 클래식,K리그 클래식(vs강원),GS스포츠,11361,40148730,1,108,서울,30,26.6,531,33,1619,,,,,,,4.5,70,843,2.5,340,1458,1.3,1088,50,24.2,55,1244,71.9,30.2,997.4,1009.6,1,1005,1800,1006.9,14.1,3.9,900,1.65,11.98,,,,,,5.1,2.5,30.4,25,29.6,29.1,27.7,27.8,27.5,25.7,24.5,19.7,16,2.7,3.9,,-{박무}-{박무}{강도0}0300-{박무}{강도0}0600-0720.,
2017-08-19,K리그,K리그 클래식,K리그 클래식(vs울산),GS스포츠,18087,47121090,1,108,서울,26.1,23.1,609,28.7,1359,5,0,,0,,0,5.9,70,850,3.3,70,832,2,1771,70,21.4,64,1443,75.8,25.4,1001.9,1013.1,1035,1010.2,1833,1011.6,13.5,1.2,1300,1.31,9.79,,,,,,8.1,3.5,26.9,21.8,26.5,26.4,25.6,26,26.1,25.5,25,20.6,16.7,1.9,2.7,58.5,-{박무}-{박무}{강도0}0300-0345. {비}1445-{비}{강도0}1500-1525. {비}1940-{비}{강도0}2100-{비}{강도0}2400-,
2017-09-09,K리그,K리그 클래식,K리그 클래식(vs제주),GS스포츠,17161,45338070,1,108,서울,23.8,19.2,622,28.2,1447,,,,,,,6,290,1539,3.6,320,1516,1.4,1234,20,17.6,43,1737,70.1,20.1,1003.2,1014.1,2336,1011.8,1649,1013,12.7,11.1,1000,2.17,16.69,,,,,,2.8,0.6,26.5,15.8,25,25.1,24.2,24.5,24.3,24,23.9,21.2,17.8,3.3,4.8,,-{박무}-{박무}{강도1}0300-{박무}{강도1}0600-{박무}{강도1}0900-0910. {연무}0905-{연무}{강도0}1200-{연무}{강도0}1500-1705. {연무}2005-{연무}{강도0}2100-2110. {박무}2105-{박무}{강도0}2400-,
2017-09-23,K리그,K리그 클래식,K리그 클래식(vs포항),GS스포츠,16621,61864500,1,108,서울,21.8,17.6,227,27.3,1423,0.33,0,,0,,0,6.6,180,1427,3.7,200,1802,1.6,1400,50,15.7,40,1839,69.8,17.9,1005.4,1016.5,932,1013.9,51,1015.3,12.1,7.3,1100,2.33,13.3,,,,,,6.6,5,23.3,13.2,22.7,22.8,22.2,22.6,22.7,23.2,23.3,21.2,18.2,2.7,3.9,,{박무}0230-{박무}{강도0}0300-{박무}{강도0}0600-{박무}{강도0}0900-1010. -{연무}-0235. {비}0610-0630. {연무}1005-1130. {연무}2015-{연무}{강도0}2100-2115. {박무}2110-{박무}{강도0}2400-,
2017-10-21,K리그,K리그 클래식,K-스플릿라운드(vs수원),GS스포츠,27257,53874070,1,108,서울,17.6,11,714,25.2,1418,,,,,,,6.4,270,1428,3.5,270,1428,1.3,1096,20,6.8,25,1406,52.8,9.9,1007.6,1020.2,905,1015.7,2400,1017.7,11,10.1,1200,1.51,9.75,,,,,,0,0,16.7,6.2,17.3,17.5,17.6,18,18.5,20,21.1,20.8,18.6,2.6,3.7,,{박무}0335-{박무}{강도0}0600-0825. {연무}0820-{연무}{강도0}0900-0920.,
2017-10-28,K리그,K리그 클래식,K-스플릿라운드(vs울산),GS스포츠,11984,37815470,1,108,서울,17.2,10.6,642,24.8,1354,,,,,,,8.4,340,2041,5.1,320,2036,2,1719,50,6.7,29,1341,51.9,9.9,1009.8,1022.4,806,1018.3,1455,1019.9,10.8,9.8,1200,1.41,8.75,,,,,,0.1,0,16.5,3.9,16.8,16.8,16.9,17.2,17.5,19.1,20.2,20.5,18.6,2.4,3.4,,,
2017-11-19,K리그,K리그 클래식,K-스플릿라운드(vs제주),GS스포츠,10913,39301310,1,108,서울,-1.6,-6.6,642,3.5,1505,,,,,,,9.2,290,1326,5.7,290,1340,2.2,1928,270,-14.6,20,1414,37.8,2,1016.4,1029.3,937,1025.5,1640,1027.4,10.1,8,1200,1.31,7.42,,,,,,2.8,0.6,-0.8,-13.1,2.1,3.8,6,7.7,9.5,14.4,17.1,19.5,18.6,1.5,2.2,,,
2018-03-11,K리그,K리그 클래식,2018 K리그1 서울vs강원,(주)GS스포츠,16506,42307060,1,108,서울,6.4,2.7,731,12.2,1537,,,,,,,7.6,270,1427,4.2,290,1736,2,1725,290,-4.4,19,1402,51.3,4.6,1014.7,1027,1017,1024,36,1025.3,11.8,9.8,1300,2.69,18.11,,,,,,2.8,2.8,7.2,-4,7.2,6.5,5.6,4.8,4.5,4.1,5.2,10.4,14.5,2.9,4.2,,-{박무}-{박무}{강도1}0300-{박무}{강도1}0600-{박무}{강도1}0900-0945. {연무}0940-{연무}{강도0}1200-1310.,
2018-04-01,K리그,K리그 클래식,2018 K리그1 서울vs인천,(주)GS스포츠,12686,40321530,1,108,서울,15.6,11.7,45,18.5,1548,,,,,,,6.5,200,1149,3.5,200,1152,1.5,1327,200,9.7,50,1115,68.8,12.3,1006.3,1018.5,1,1014.4,1640,1016.4,12.6,1.3,1100,1.53,7.25,,,,,,9.1,7.9,14.3,6.2,13.7,13.1,12.5,11.8,11.6,9.5,8.8,10.3,13.6,1.6,2.3,,{연무}0030-{연무}{강도0}0300-0420. {연무}0735-{연무}{강도0}0900-1040. {연무}1335-{연무}{강도0}1500-{연무}{강도0}1800-1935. {박무}1930-{박무}{강도0}2100-{박무}{강도0}2400-,
2018-04-11,K리그,K리그 클래식,2018 K리그1 서울vs포항,(주)GS스포츠,5230,30946270,1,108,서울,12.6,8.7,648,17.3,1526,,,,,,,11.2,320,1636,6.1,290,1640,3,2576,270,0.9,20,1612,49.4,6.9,1000.8,1014.8,2319,1005.5,144,1011,13,11.8,1200,3.32,24.86,,,,,,2.6,1.8,15.1,5.6,14.3,13.6,12.4,11.4,11.2,10.3,10.3,10.6,13.2,4.9,7,,{박무}0010-{박무}{강도0}0300-{박무}{강도0}0600-0825. {연무}0820-{연무}{강도0}0900-0910.,
2018-04-21,K리그,K리그 클래식,2018 K리그1 서울vs대구,(주)GS스포츠,8147,34804970,1,108,서울,18.7,12.3,559,25.6,1341,,,,,,,9,320,1211,4.6,290,1511,1.9,1599,270,-1.2,8,1241,32,6,1008.1,1019.5,2321,1016.6,1531,1018.2,13.4,12.4,1200,3.31,26.14,,,,,,3.4,0.3,21.4,3.8,17.7,16.5,15.3,14.2,13.5,11.6,11,11,13.1,6.4,9.2,0,-{연무}-{연무}{강도0}0300-{연무}{강도0}0600-{연무}{강도0}0900-1045. {햇무리}1150-1215.,
2018-04-28,K리그,K리그 클래식,2018 K리그1 서울vs상주,(주)GS스포츠,8063,34835140,1,108,서울,15.4,10.5,554,21.7,1324,,,,,,,8.2,290,1542,4.8,270,1558,2,1704,290,3.4,24,1432,49,8,1006.2,1018.1,715,1014.5,1723,1016.3,13.6,12.4,1200,3.25,26.04,,,,,,0,0,20,5,17.2,16.6,15.7,14.7,14.2,12.6,12,11.2,12.9,5.7,8.1,,-{연무}-{연무}{강도1}0300-0415. {박무}0410-{박무}{강도1}0600-0745. {연무}0740-{연무}{강도0}0900-1025.,
2018-05-05,K리그,K리그 클래식,2018 K리그1 서울vs수원,(주)GS스포츠,37373,71612970,1,108,서울,18.3,11.6,250,24.6,1433,,,,,,,9.3,180,1552,4.8,200,1457,2.6,2287,230,6.1,27,1451,46.8,9.6,1004.7,1016.9,827,1013,1736,1014.7,13.9,11,1100,2.74,22.26,,,,,,6,1,20.4,6.2,17.5,16.5,15.7,15.1,15,13.9,13,11.7,13,4.5,6.5,14,,
2018-05-20,K리그,K리그 클래식,2018 K리그1 서울vs전북,(주)GS스포츠,23956,55174460,1,108,서울,17,11.5,551,22.6,1709,,,,,,,8.7,50,1724,2.8,110,1610,1.4,1186,90,-0.2,22,1604,32.1,6.1,1009.2,1021.5,835,1017.2,1650,1019.3,14.3,4.2,1600,1.89,14.42,,,,,,4.6,0.8,16.9,8,17.4,18.2,18.7,18.7,18.9,17.4,16.1,13.4,13,3.9,5.5,,,
2018-07-15,K리그,K리그 클래식,2018 K리그1 서울vs울산,(주)GS스포츠,12708,42381580,1,108,서울,28.3,24.5,401,33.2,1519,,,,,,,6.5,290,1644,3.7,290,1707,1.6,1346,290,21.8,46,1422,69.6,26.2,1002.3,1013.1,911,1010.3,1800,1011.9,14.5,11,1200,3.28,22.91,,,,,,2.6,2.6,32.6,21.1,29.5,28.6,27.2,26.3,25.5,23.3,21.8,17.6,14.7,4.9,7,,,
2018-07-18,K리그,K리그 클래식,2018 K리그1 서울vs전남,(주)GS스포츠,6056,36053570,1,108,서울,28.2,23.7,532,33.2,1517,,,,,,,7.9,290,1430,4.1,320,1611,1.6,1352,290,20.4,41,1551,64.8,24.1,1001.9,1012.8,757,1010,1710,1011.5,14.5,13,1100,2.96,25.14,,,,,,0.8,0.6,34.2,20,30,29.6,28.4,27.6,26.7,23.9,22,17.6,14.7,5.6,8,,-{박무}-{박무}{강도0}0300-{박무}{강도0}0600-0810. {연무}0805-{연무}{강도0}0900-1005. {연무}1225-1420. {박무}2245-{박무}{강도0}2400-,
2018-07-28,K리그,K리그 클래식,2018 K리그1 서울vs경남,(주)GS스포츠,9923,39371320,1,108,서울,29.5,28,518,35.2,1340,1.83,6,1401,7.5,1355,7.5,6.5,110,1412,3.6,270,1555,1.2,1034,270,25,53,1319,77.1,31.6,996.1,1007,20,1003.7,1706,1005.6,14.2,3.4,1300,1.75,9.59,,,,,,5.5,4.4,30.1,,,,,,28.4,25.7,23.5,18.3,15.1,2.4,3.5,7.5,{박무}0040-{박무}{강도0}0300-{박무}{강도0}0600-{박무}{강도0}0900-0930. {연무}0925-{연무}{강도0}1200-1345. {소나기}1355-{시정(미만)}{1km}{소나기}1410-{시정(이상)}{1km}{소나기}1418-{비}1430-{비}{강도1}1500-1545. {박무}1750-{박무}{강도0}1800-1925.,
2018-08-04,K리그,K리그 클래식,2018 K리그1 서울vs제주,(주)GS스포츠,9456,38758310,1,108,서울,31.1,28,2335,34.9,1544,,,,,,,8.3,270,1259,4.6,290,1437,2.4,2082,270,22.2,46,1543,60.6,26.9,998.2,1009,656,1006.4,1811,1007.7,14,12.1,1200,2.56,20.45,,,,,,3.4,3.4,37.8,25.4,33.1,32.3,31.1,30.2,29.6,26.5,24.3,18.7,15.4,4.8,6.9,2,,
2018-08-19,K리그,K리그 클래식,2018 K리그1 서울vs전북,(주)GS스포츠,20471,53100490,1,108,서울,28.2,23,608,34.4,1436,,,,,,,6.9,160,1809,3.3,270,1916,1.2,1013,20,16.4,29,1426,50.6,18.7,999.8,1011.1,719,1007.4,1627,1009.4,13.5,7.9,1200,3.1,19.79,,,,,,7.9,2.8,34.4,18.9,30.9,30.4,29.4,29,28.7,27.1,25.4,19.9,16,4.5,6.4,,,
2018-08-22,K리그,K리그 클래식,2018 K리그1 서울vs포항,(주)GS스포츠,6995,38131200,1,108,서울,30.7,23.4,453,37.6,1608,,,,,,,7.4,70,1202,3.2,140,2045,1.1,982,110,19.6,34,1425,54.1,22.8,994.7,1006.5,739,1001.8,1718,1004.2,13.4,10.5,1200,3.1,22.27,,,,,,4.5,2.8,34.6,20,30.9,29.8,28.6,28.3,28.3,27,25.3,20,16.1,5,7.2,0.1,,
2018-09-16,K리그,K리그 클래식,2018 K리그1 서울vs대구,(주)GS스포츠,15602,42600940,1,108,서울,22.2,21,1936,23.9,1212,14.33,0.5,1449,1,1536,2,6.1,320,1903,3.7,270,1720,1.7,1483,270,19.2,58,1228,83.6,22.2,1005.4,1016.7,2355,1013.5,18,1015.3,12.4,0,1000,0.91,6.44,,,,,,10,6.5,23.2,19,23.6,24,24.1,24.3,24.6,24.3,24.1,21.2,17.4,1.6,2.4,1.6,{비}0015-0115. {비}0220-0250. -{박무}-{박무}{강도0}0300-{박무}{강도0}0600-{박무}{강도0}0900-0915. {비}0310-{비}{강도0}0600-0730. {비}1145-{비}{강도0}1200-{비}{강도0}1500-{비}{강도0}1800-1850. {박무}1315-{박무}{강도1}1500-{박무}{강도1}1800-{박무}{강도1}2100-2250. {비}2235-{비}{강도0}2400- {박무}2355-{박무}{강도0}2400-,
2018-09-26,K리그,K리그 클래식,2018 K리그1 서울vs인천,(주)GS스포츠,15092,41887160,1,108,서울,19.4,16.2,522,24.8,1441,,,,,,,6.6,70,1405,2.7,70,954,1.7,1473,90,7.7,32,1344,47.9,10.6,1009.8,1021.1,848,1018.1,1624,1019.8,12,8.4,1200,2.84,17.06,,,,,,5,0.6,21.8,13.6,20.9,21,21,21.3,22,23.1,23.4,21.2,17.8,3.8,5.4,,{햇무리}0840-0925.,
2018-09-30,K리그,K리그 클래식,2018 K리그1 서울vs상주,(주)GS스포츠,12943,39249740,1,108,서울,17.6,14,2312,21.6,1453,,,,,,,10.3,290,1419,5.5,270,1442,2.3,1957,270,7,27,1544,52.5,10.4,996.1,1010.9,1,1003.3,1609,1006.1,11.9,10.4,1200,2.74,16.95,,,,,,0.6,0.5,21.2,10.4,20.3,20.8,20.9,21.1,21.5,22.4,22.9,21.1,17.9,4.2,6,,,
2018-10-27,K리그,K리그 클래식,2018 K스플릿라운드 서울vs강원,(주)GS스포츠,7616,35091160,1,108,서울,8.7,6.2,2249,11.6,1459,,,,,,,11.2,290,1223,5.8,270,1658,3.2,2773,270,-1.6,30,1503,49.6,5.5,1004.5,1016.5,1956,1011.4,18,1014.9,10.8,8,1000,2.01,11.6,,,,,,1.6,1.6,8.7,2.2,10.6,12.2,13.5,14.5,15.9,18.1,19.5,20.4,18.6,2.3,3.3,4,,
2018-11-11,K리그,K리그 클래식,2018 K스플릿라운드 서울vs전남,(주)GS스포츠,8525,35880530,1,108,서울,8.1,5.4,2353,10.9,1126,2.33,,,,,0,6.4,320,1318,3.7,320,1240,1.1,955,50,2.2,47,1927,67.6,7.3,1011.9,1024.3,23,1020.8,1449,1022.4,10.3,1.4,900,1.06,3.72,,,,,,6.4,4.8,8.1,0.3,9.7,11.1,12.3,13,14,15.5,16.9,19.4,18.6,0.9,1.2,0,-{박무}-{박무}{강도1}0300-{박무}{강도1}0600-{박무}{강도1}0900-0935. {연무}0930-{연무}{강도1}1200-{연무}{강도0}1500-1650. {비}1605-{비}{강도0}1800-1825.,
2018-11-24,K리그,K리그 클래식,2018 K스플릿라운드 서울vs인천,(주)GS스포츠,10816,38832310,1,108,서울,2.6,0.3,808,3.8,1456,4.33,,,,,10.9,8,180,626,3.3,140,628,1.8,1520,70,-3.4,25,600,71.1,5.2,1013.2,1027.9,1,1022.7,1444,1024,9.9,1.6,1200,0.84,3.38,8.8,955,8.8,955,8.8,9,7.1,0.6,-0.4,2.9,4.5,6.2,7.5,9.2,12.9,15.3,18.3,18.2,0.5,0.7,1.8,{진눈깨비}0410-0425. {눈}0615-{시정(미만)}{1km}{눈}0645-{시정(미만)}{0.5km}{눈}0730-{눈}{강도1}0900-{시정(이상)}{0.5km}{눈}0940-{시정(이상)}{1km}{눈}0950-1020. {박무}1010-1105. {박무}1705-{박무}{강도0}1800-{박무}{강도0}2100-{박무}{강도0}2400-,
2018-12-09,K리그,K리그 클래식,2018 K리그 승강플레이오프 서울vs부산,(주)GS스포츠,9612,57504930,1,108,서울,-7.2,-11.8,735,-2.1,1538,,,,,,,7.1,250,1600,3.4,290,1601,1.5,1339,290,-23.2,16,1416,27,1,1025.7,1038.7,1005,1035.3,1555,1037,9.7,7.8,1200,1.87,10.57,,,,,,2,0.5,-4.9,-15.2,-2,0,2.1,3.7,5.7,10.1,12.8,17,17.9,1.2,1.7,,,
2019-03-03,K리그,K리그1,2019 K리그1 서울vs포항,(주)GS스포츠,15100,46448200,1,108,서울,9.4,2.5,731,16.1,1417,,,,,,,6.4,200,1306,3.3,320,1942,1.5,1272,20,-5.6,15,1414,36.4,4.1,1002.5,1017,48,1010.1,1703,1012.9,11.4,7.9,1200,2.55,15.37,,,,,,4.8,1.9,7.7,-4.8,6.8,6.3,5.7,5.2,5.1,5.1,6.2,10.7,14.4,3.1,4.4,,-{연무}-{연무}{강도0}0300-{연무}{강도0}0600-{연무}{강도0}0900-{연무}{강도0}1200-1305. {연무}1435-{연무}{강도0}1500-{연무}{강도0}1800-{연무}{강도1}2100-{연무}{강도1}2400-,
2019-03-16,K리그,K리그1,2019 K리그1 서울vs제주,(주)GS스포츠,17003,42233810,1,108,서울,4.3,0.2,546,9.2,1326,,,,,,,8.1,200,1340,5.1,270,1524,1.8,1564,290,-1.1,38,1323,69.9,5.6,1009.9,1022.2,1010,1017.9,2,1020.5,12,5,1300,2.39,11.76,,,,,,5.5,4.9,5.3,-4.2,5.5,5.8,5.9,6,6.3,6.8,7.7,10.5,13.9,1.6,2.4,,-{박무}-{박무}{강도0}0300-{박무}{강도1}0600-{박무}{강도0}0900-1040. {연무}1035-{연무}{강도0}1200-1220.,
2019-03-30,K리그,K리그1,2019 K리그1 서울vs상주,(주)GS스포츠,12862,39618720,1,108,서울,5.2,3.5,2017,8.4,1426,14.67,,,,,1.8,13,290,1803,6.3,250,1524,2.9,2548,270,0.2,35,1512,72,6.3,1002.1,1015,103,1010,1426,1012.7,12.5,3,1500,1.34,6.76,,,,,,9.4,8.1,6.9,2.1,8,9,9.5,9.4,9.4,8.4,8.5,10.6,13.5,1.5,2.1,0.2,{비}0015-{비}{강도0}0300-0440. {박무}0045-{박무}{강도0}0300-{박무}{강도0}0600-{박무}{강도0}0900-1130. {안개비}0640-0815. {비}1025-1050. {비}1110-{비}{강도0}1200-1420. {연무}1125-{연무}{강도0}1200-1210. {박무}1205-1350. {소나기}1620-{싸락우박}1625-1630. {비}1735-{소나기}1750-{싸락우박}1755-{싸락우박}{강도0}1800-1825. {비}1845-1945. {비}2055-{비}{강도0}2100-{비}{강도0}2400-,
2019-04-06,K리그,K리그1,2019 K리그1 서울vs경남,(주)GS스포츠,13503,39677520,1,108,서울,9.3,5.9,541,12.2,1234,4,0.5,1616,0.6,1530,0.8,7.1,50,1758,2.8,70,1741,1.1,988,50,-4.5,21,1,39.9,4.7,1001.7,1013.9,1021,1009.9,1805,1012,12.8,0.5,900,0.91,4.48,,,,,,8.5,6.8,8.9,-1.4,8.8,9.3,9.7,9.7,9.5,8.8,9.1,10.6,13.3,1.4,2,0.8,{비}1515-1755. {비}1840-1850. {비}2140-{소나기}2155-{비}2225-2250.,
2019-04-21,K리그,K리그1,2019 K리그1 서울vs인천,(주)GS스포츠,19314,47636620,1,108,서울,14.8,12.2,428,20.2,1610,3.33,0.2,,0.2,,0.3,7.4,270,1739,4.2,270,1738,1.9,1625,290,10.6,53,1651,77.8,12.9,1003.4,1015.3,2355,1011.7,1535,1013.5,13.4,4.1,1400,2.5,13.42,,,,,,7.9,5.8,18.1,9.1,16.1,15.2,14.1,13.1,12.6,10.9,10.5,10.9,13.1,2.6,3.7,,-{안개비}-{안개비}{강도0}0300-0320. -{박무}-{박무}{강도1}0300-{박무}{강도0}0600-{박무}{강도0}0900-1120. {연무}1225-{연무}{강도0}1500-{연무}{강도0}1800-1810. {박무}2305-{박무}{강도0}2400-,
2019-05-11,K리그,K리그1,2019 K리그1 서울vs대구,(주)GS스포츠,26505,58091120,1,108,서울,20.3,13.2,545,28.3,1430,,,,,,,7.3,290,1520,3.9,250,1457,1.8,1579,290,5.2,22,1410,39,9,1003.7,1015.2,713,1011.7,1850,1013.6,14.1,12.7,1200,3.19,25.19,,,,,,2,0,26.4,6.7,21.5,20.1,18.7,17.6,16.8,14.6,13.3,11.7,12.8,6,8.6,,{연무}0645-{연무}{강도0}0900-{연무}{강도0}1200-1210. {연무}1440-{연무}{강도0}1500-1505.,
2019-05-28,K리그,K리그1,2019 K리그1 서울vs성남,(주)GS스포츠,13091,41764650,1,108,서울,18.1,11.9,515,24.6,1444,,,,,,,11.6,320,1931,4.9,270,1558,2.6,2205,270,5.2,20,1755,45.9,8.9,1000.7,1012.7,758,1008.2,1,1010.7,14.5,13,1200,3.51,28.01,,,,,,2.1,0,21.8,7.2,20.4,20.1,19.8,19.6,19.6,17.9,16.1,12.9,12.9,6.3,9,,,
2019-06-16,K리그,K리그1,2019 K리그1 서울vs수원,(주)GS스포츠,35481,64878370,1,108,서울,22,16.1,526,27.2,1619,,,,,,,8.3,290,1553,4.7,320,1852,1.6,1397,50,12,34,1438,55.4,14.1,996.7,1009.8,2313,1002.6,1,1006.6,14.8,11.1,900,2.57,22.45,,,,,,3.9,1.5,24.7,12.4,23.7,23.5,23.1,22.6,22,19.7,18.1,14.2,13.2,4.6,6.5,0,,
2019-06-30,K리그,K리그1,2019 K리그1 서울vs울산,(주)GS스포츠,19992,50311719,1,108,서울,23.9,20.9,525,28.5,1248,0.17,0,,0,,0,8,180,1625,4.5,200,1500,2.3,1995,200,18.6,47,1147,73.5,21.5,990.7,1003.2,2350,996.8,1,1000.4,14.7,5.2,1200,2.98,16.32,,,,,,6.9,3.8,28.3,16.6,25.8,25.2,24.4,23.8,23.6,21.5,19.7,15.2,13.6,3.3,4.8,0,{박무}0110-{박무}{강도0}0300-{박무}{강도0}0600-0835. {연무}0830-{연무}{강도0}0900-0930. {연무}1450-{연무}{강도0}1500-{연무}{강도0}1800-1925. {박무}1920-{박무}{강도0}2100-{박무}{강도0}2400- {비}2005-2015.,
2019-07-06,K리그,K리그1,2019 K리그1 서울vs강원,(주)GS스포츠,17990,49143620,1,108,서울,29.7,24.6,546,36.1,1535,,,,,,,8.7,160,849,3.9,160,1518,1.7,1426,90,14.2,24,1415,40.9,16.2,994.1,1006.8,2400,1001.5,21,1003.6,14.7,11.8,1200,3.31,25.87,,,,,,3.4,3.4,37.1,19.2,30.9,29,27.1,25.8,25,22.1,20.2,15.6,13.7,6.7,9.5,,,
2019-07-20,K리그,K리그1,2019 K리그1 서울vs전북,(주)GS스포츠,32008,69212790,1,108,서울,28,25.1,846,31.9,1527,7.33,0.3,812,0.8,756,1.1,9.5,50,1313,3.6,70,815,2.1,1850,90,21,50,1531,66.9,25,990.8,1005.6,1,997.7,1641,1000.4,14.4,1.2,1200,1.77,10.92,,,,,,9.5,4.8,28.4,22.9,27.6,27.4,26.7,26,25.7,23.2,21.6,16.9,14.5,2.7,3.9,4.3,{비}0540-{비}{강도0}0600-{비}{강도0}0900-1155. {비}1620-1640. {비}1825-1850. {비}2340-{비}{강도0}2400-,
2019-08-02,K리그,K리그1,2019 K리그1 서울vs대구,(주)GS스포츠,18578,48590770,1,108,서울,28.4,24.7,432,33.1,1715,,,,,,,6.1,250,1927,3,270,1801,1.2,998,270,23.1,48,1455,74.6,28.3,1001.8,1013.3,700,1009.1,1701,1011.5,14.1,8.3,1200,2.55,15.74,,,,,,3.5,3,28.8,22.1,28.3,27.9,26.9,26.3,26.1,24.4,23.4,19,14.8,3.6,5.1,,{박무}0115-{박무}{강도0}0300-0515.,
2019-08-11,K리그,K리그1,2019 K리그1 서울vs강원,(주)GS스포츠,15355,47218175,1,108,서울,30.4,26.3,600,35.7,1546,4.08,1.8,2356,5.7,2313,6.7,10.5,90,1155,4.1,110,1143,2.5,2143,90,19.4,34,1547,53.6,22.6,992.2,1005.7,1,998.6,1612,1001.7,13.8,9.8,1200,3.15,21.52,,,,,,6.8,3.5,33.2,23.4,30.4,29.9,29.1,28.6,27.8,25.2,23.3,18.2,15,5.2,7.4,43.8,{햇무리}0905-0940. {비}1755-{비}{강도0}1800-2015. {비}2215-{비}{강도1}2400- {박무}2230-{박무}{강도0}2400-,
2019-09-01,K리그,K리그1,2019 K리그1 서울vs전북,(주)GS스포츠,28024,62535658,1,108,서울,23.7,19.2,602,27.8,1538,,,,,,,5.6,110,1200,2.9,90,1037,1.4,1193,340,15.9,37,1359,64,18.1,1006.8,1017.8,857,1015.4,1836,1016.7,13,6.9,1000,2.34,15.17,,,,,,6.1,2.4,23.8,15.9,24.5,24.9,24.8,25.1,25.3,24.9,24,19.7,16,3.1,4.4,,,
2019-09-15,K리그,K리그1,2019 K리그1 서울vs인천,(주)GS스포츠,15236,44995210,1,108,서울,24.2,19.5,638,30,1636,,,,,,,6.7,290,1818,4.1,270,1818,1.7,1503,340,18.1,40,1540,70.4,20.8,1000.8,1012.6,932,1008.2,1656,1010.6,12.5,10.6,1100,2.58,18.19,,,,,,5.5,4.9,25.2,15.9,25.1,24.7,24.1,24.2,24.4,24.2,23.8,20.9,16.8,3.6,5.1,,-{박무}-{박무}{강도0}0300-{박무}{강도0}0600-0650.,
2019-09-25,K리그,K리그1,2019 K리그1 서울vs경남,(주)GS스포츠,8429,39306280,1,108,서울,20.9,14.8,617,27.4,1433,,,,,,,4.7,320,1206,3,200,1817,1.4,1221,340,13.4,34,1425,64.4,15.5,1011.7,1023.4,2239,1020.2,1,1021.7,12.1,8.8,1100,2.51,16.44,,,,,,5.9,0,23.4,9.5,21.7,21.9,21.7,21.9,22.1,22.8,23,20.6,17.1,3.1,4.4,,,
2019-09-29,K리그,K리그1,2019 K리그1 서울vs상주,(주)GS스포츠,13914,60876030,1,108,서울,22.6,17.9,623,28.6,1502,,,,,,,7.6,200,1233,4,270,1317,1.7,1476,230,13.7,28,1621,60.6,15.8,1006.7,1017.9,900,1014.6,1616,1016.6,11.9,11.1,1200,2.73,18.83,,,,,,0.3,0,24.7,11.3,23.2,23.3,22.8,22.8,22.8,22.6,22.6,20.4,17.2,4.3,6.2,,{박무}0630-0815. {연무}0810-{연무}{강도0}0900-1005. {연무}1950-{연무}{강도0}2100-{연무}{강도0}2400-,
2019-11-03,K리그,K리그1,2019 K리그1 파이널 서울vs울산,(주)GS스포츠,19813,68202520,1,108,서울,14.7,9.4,721,22.1,1455,,,,,,,8.6,50,1802,4.7,70,1757,2.1,1811,70,5.9,36,1452,57.8,9.3,1009.6,1022.2,2228,1017.7,1414,1019.8,10.6,7.8,1200,2.04,12.51,,,,,,4,1.8,15.1,4.4,15,15.2,15.3,16,16.3,18,19.3,19.6,17.9,3.1,4.5,,-{연무}-{연무}{강도0}0300-0415. {박무}0410-{박무}{강도0}0600-0835. {연무}0830-{연무}{강도0}0900-{연무}{강도0}1200-1250.,
2019-11-23,K리그,K리그1,2020 K리그1 파이널 서울vs포항,(주)GS스포츠,16783,46329880,1,108,서울,12.1,7.7,254,17.7,1503,,,,,,,5.8,70,1026,3.6,70,1027,1.8,1519,70,2.4,39,1450,52,7.3,1013.4,1026.8,616,1021.3,1914,1023.8,10,8,1300,1.29,8.5,,,,,,6.1,2.5,8.7,2.3,8.7,8.4,8.5,9.1,9.4,12.7,15.5,18.7,17.9,1.7,2.4,,,
